id,formattedAddress,zipCode,propertyType,listingType,bedrooms,bathrooms,squareFootage,lotSize,yearBuilt,price,daysOnMarket,pricePerSqft,lotRatio,priceEventCount,totalPriceChangePct,priceCuts
"728-Chatsworth-Dr,-Anna,-TX-75409","728 Chatsworth Dr, Anna, TX 75409",75409,Single Family,Standard,4,2.5,3024,6011,2015,479999,103,158.73,0.5031,3,0.02,1
"1606-Sherwood-Dr,-Anna,-TX-75409","1606 Sherwood Dr, Anna, TX 75409",75409,Single Family,Standard,3,2,2320,8438,2022,475000,103,204.74,0.2749,2,-2.06,1
"3117-Bowen-St,-Anna,-TX-75409","3117 Bowen St, Anna, TX 75409",75409,Single Family,Standard,4,2,1658,5907,2020,269999,98,162.85,0.2807,1,0.0,0
"1316-Tree-Shadow-Ln,-Anna,-TX-75409","1316 Tree Shadow Ln, Anna, TX 75409",75409,Single Family,Standard,4,2.5,3014,7144,2022,515000,97,170.87,0.4219,1,0.0,0
"1125-Elizabeth-St,-Anna,-TX-75409","1125 Elizabeth St, Anna, TX 75409",75409,Single Family,Standard,4,2,1628,6011,2017,325900,96,200.18,0.2708,2,-8.17,1
"909-Amy-Blvd,-Anna,-TX-75409","909 Amy Blvd, Anna, TX 75409",75409,Single Family,Standard,3,2,2229,7231,2020,422000,96,189.32,0.3083,1,0.0,0
"3691-Desperado-Way,-Anna,-TX-75409","3691 Desperado Way, Anna, TX 75409",75409,Single Family,New Construction,3,2.5,2049,4796,2026,349999,96,170.81,0.4272,1,0.0,0
"1800-Rodeo-Dr,-Anna,-TX-75409","1800 Rodeo Dr, Anna, TX 75409",75409,Single Family,Standard,4,3,2528,10890,2012,375000,96,148.34,0.2321,1,0.0,0
"1455-Rabbit-Run-Rd,-Anna,-TX-75409","1455 Rabbit Run Rd, Anna, TX 75409",75409,Single Family,Standard,3,2.5,3015,164962,2008,949000,93,314.76,0.0183,1,0.0,0
"1405-Oak-Hollow-Ln,-Anna,-TX-75409","1405 Oak Hollow Ln, Anna, TX 75409",75409,Single Family,Standard,3,2,1620,6534,2004,260000,91,160.49,0.2479,1,0.0,0
"1909-Wolf-Run,-Anna,-TX-75409","1909 Wolf Run, Anna, TX 75409",75409,Single Family,Standard,3,2,1819,7405,2020,279900,90,153.88,0.2456,1,0.0,0
"301-Thorn-Creek-Dr,-Anna,-TX-75409","301 Thorn Creek Dr, Anna, TX 75409",75409,Single Family,New Construction,5,3,2854,5502,2026,424990,90,148.91,0.5187,1,0.0,0
"8645-County-Rd,-419,-Anna,-TX-75409","8645 County Rd, 419, Anna, TX 75409",75409,Single Family,Standard,4,2.5,2740,130680,1998,649000,90,236.86,0.021,1,0.0,0
"2114-Cedar-Trl,-Anna,-TX-75409","2114 Cedar Trl, Anna, TX 75409",75409,Single Family,Standard,4,3,2523,7405,2012,379900,86,150.57,0.3407,1,0.0,0
"1409-Brentfield-Dr,-Anna,-TX-75409","1409 Brentfield Dr, Anna, TX 75409",75409,Single Family,Standard,5,4,3569,7971,2021,540000,89,151.3,0.4477,1,0.0,0
"2320-Atlantic-Ave,-Anna,-TX-75409","2320 Atlantic Ave, Anna, TX 75409",75409,Single Family,Standard,4,2,2064,8581,2022,389990,88,188.95,0.2405,1,0.0,0
"251-Cyrus-St,-Anna,-TX-75409","251 Cyrus St, Anna, TX 75409",75409,Single Family,Standard,5,2.5,2619,7623,2017,385000,86,147.0,0.3436,2,-15.38,1
"1229-Sunbeam-Cv,-Anna,-TX-75409","1229 Sunbeam Cv, Anna, TX 75409",75409,Single Family,Standard,5,3,2186,6708,2022,394900,87,180.65,0.3259,1,0.0,0
"1505-Helmoken-Falls-Dr,-Anna,-TX-75409","1505 Helmoken Falls Dr, Anna, TX 75409",75409,Single Family,Standard,3,2,1516,8059,2021,300000,86,197.89,0.1881,2,-4.76,1
"3112-Greymoore-Dr,-Anna,-TX-75409","3112 Greymoore Dr, Anna, TX 75409",75409,Single Family,Standard,4,3,2519,7318,2022,455000,86,180.63,0.3442,1,0.0,0
"2604-Freeman-St,-Anna,-TX-75409","2604 Freeman St, Anna, TX 75409",75409,Single Family,Standard,3,2,1667,6098,2024,329999,84,197.96,0.2734,1,0.0,0
"612-Sand-Piper-Ln,-Anna,-TX-75409","612 Sand Piper Ln, Anna, TX 75409",75409,Single Family,New Construction,4,2.5,2694,7405,2026,479900,83,178.14,0.3638,1,0.0,0
"312-Kelvington-Dr,-Anna,-TX-75409","312 Kelvington Dr, Anna, TX 75409",75409,Single Family,Standard,4,2,2232,7797,2014,395000,83,176.97,0.2863,1,0.0,0
"308-Tate-Ln,-Anna,-TX-75409","308 Tate Ln, Anna, TX 75409",75409,Single Family,Standard,3,2,1797,7231,2022,344000,83,191.43,0.2485,1,0.0,0
"307-Lake-Forest-Trl,-Anna,-TX-75409","307 Lake Forest Trl, Anna, TX 75409",75409,Single Family,Standard,3,2,2137,9322,2021,450000,83,210.58,0.2292,1,0.0,0
"1904-Buckfield-Dr,-Anna,-TX-75409","1904 Buckfield Dr, Anna, TX 75409",75409,Single Family,New Construction,4,3.5,3481,48,2026,536695,82,154.18,72.5208,1,0.0,0
"1900-Buckfield-Dr,-Anna,-TX-75409","1900 Buckfield Dr, Anna, TX 75409",75409,Single Family,New Construction,5,4,3481,48,2026,536753,82,154.2,72.5208,1,0.0,0
"2936-Kimberwick-Dr,-Anna,-TX-75409","2936 Kimberwick Dr, Anna, TX 75409",75409,Single Family,New Construction,4,2.5,2156,4617,2025,349990,82,162.33,0.467,2,-7.84,1
"225-Charleston-Dr,-Anna,-TX-75409","225 Charleston Dr, Anna, TX 75409",75409,Single Family,Standard,3,2,1626,7841,2006,279999,81,172.2,0.2074,1,0.0,0
"801-Peach-Tree-Ln,-Anna,-TX-75409","801 Peach Tree Ln, Anna, TX 75409",75409,Single Family,Standard,3,2,1635,6011,2021,312500,81,191.13,0.272,4,-7.95,3
"1602-Westfall-Dr,-Anna,-TX-75409","1602 Westfall Dr, Anna, TX 75409",75409,Single Family,Standard,4,2,1726,5619,2019,299999,81,173.81,0.3072,1,0.0,0
"914-Cottonwood-Trl,-Anna,-TX-75409","914 Cottonwood Trl, Anna, TX 75409",75409,Single Family,Standard,4,2,1621,9583,2012,310000,81,191.24,0.1692,1,0.0,0
"3120-Creek-Meadow-Dr,-Anna,-TX-75409","3120 Creek Meadow Dr, Anna, TX 75409",75409,Single Family,Standard,4,3,3192,10890,2022,575000,79,180.14,0.2931,1,0.0,0
"716-Westgate-Ct,-Anna,-TX-75409","716 Westgate Ct, Anna, TX 75409",75409,Single Family,Standard,3,2,1699,7405,2013,269000,78,158.33,0.2294,2,-15.67,1
"1324-Elijah-Dr,-Anna,-TX-75409","1324 Elijah Dr, Anna, TX 75409",75409,Single Family,Standard,4,3,3306,6011,2024,499000,78,150.94,0.55,1,0.0,0
"1209-Gardendale-Hollow-Ln,-Anna,-TX-75409","1209 Gardendale Hollow Ln, Anna, TX 75409",75409,Single Family,Standard,4,2,1847,6534,2024,339900,76,184.03,0.2827,2,-5.79,1
"2100-Penaflor-Dr,-Anna,-TX-75409","2100 Penaflor Dr, Anna, TX 75409",75409,Single Family,Standard,3,2,1647,6011,2021,314500,75,190.95,0.274,1,0.0,0
"2105-Bluebird-Ln,-Anna,-TX-75409","2105 Bluebird Ln, Anna, TX 75409",75409,Single Family,New Construction,3,2,1998,6970,2026,439900,76,220.17,0.2867,1,0.0,0
"116-Birdbrook-Dr,-Anna,-TX-75409","116 Birdbrook Dr, Anna, TX 75409",75409,Single Family,Standard,3,2,1684,6098,2006,298000,75,176.96,0.2762,2,-1.65,1
"3241-Cross-Shore-Dr,-Anna,-TX-75409","3241 Cross Shore Dr, Anna, TX 75409",75409,Single Family,Standard,4,3,2624,6098,2024,486200,73,185.29,0.4303,1,0.0,0
"3009-Teakwood-St,-Anna,-TX-75409","3009 Teakwood St, Anna, TX 75409",75409,Single Family,Standard,4,2,2036,7971,2021,344990,74,169.44,0.2554,1,0.0,0
"1017-Crepe-Myrtle-Ln,-Anna,-TX-75409","1017 Crepe Myrtle Ln, Anna, TX 75409",75409,Single Family,Standard,4,3,2089,7405,2020,390000,73,186.69,0.2821,1,0.0,0
"1806-River-Crossing-Dr,-Anna,-TX-75409","1806 River Crossing Dr, Anna, TX 75409",75409,Single Family,Standard,3,2,1281,5619,2021,280000,69,218.58,0.228,1,0.0,0
"280-Pecan-Hollow-Cir,-Anna,-TX-75409","280 Pecan Hollow Cir, Anna, TX 75409",75409,Single Family,Standard,4,3.5,3708,43560,2016,699900,68,188.75,0.0851,2,-14.12,1
"2008-Meadow-Dr,-Anna,-TX-75409","2008 Meadow Dr, Anna, TX 75409",75409,Single Family,Standard,4,2,2025,7275,2022,369995,68,182.71,0.2784,1,0.0,0
"605-Warner-Dr,-Anna,-TX-75409","605 Warner Dr, Anna, TX 75409",75409,Single Family,Standard,4,3,1932,8668,2019,369000,67,190.99,0.2229,1,0.0,0
"717-Sequoia-Dr,-Anna,-TX-75409","717 Sequoia Dr, Anna, TX 75409",75409,Single Family,Standard,3,2,1737,6098,2004,296000,65,170.41,0.2848,1,0.0,0
"1129-Honeywell-Dr,-Anna,-TX-75409","1129 Honeywell Dr, Anna, TX 75409",75409,Single Family,Standard,4,2.5,2736,6098,2007,323000,64,118.06,0.4487,1,0.0,0
"725-Lyndhurst-Dr,-Anna,-TX-75409","725 Lyndhurst Dr, Anna, TX 75409",75409,Single Family,Standard,5,2.5,3330,6621,2018,455000,62,136.64,0.5029,3,-3.19,1
"1615-County-Rd,-1106,-Anna,-TX-75409","1615 County Rd, 1106, Anna, TX 75409",75409,Single Family,Standard,4,3,2476,44431,2020,899000,62,363.09,0.0557,2,-7.98,1
"2032-Athabasca-Falls-Dr,-Anna,-TX-75409","2032 Athabasca Falls Dr, Anna, TX 75409",75409,Single Family,Standard,3,2,1850,6098,2005,275000,62,148.65,0.3034,1,0.0,0
"902-Lyndhurst-Dr,-Anna,-TX-75409","902 Lyndhurst Dr, Anna, TX 75409",75409,Single Family,Standard,3,2,1840,6621,2020,360000,62,195.65,0.2779,1,0.0,0
"3110-County-Rd,-222,-Anna,-TX-75409","3110 County Rd, 222, Anna, TX 75409",75409,Single Family,Standard,4,2.5,2640,46522,2018,575000,61,217.8,0.0567,1,0.0,0
"2110-Athabasca-Falls-Dr,-Anna,-TX-75409","2110 Athabasca Falls Dr, Anna, TX 75409",75409,Single Family,Standard,3,2,1787,6098,2005,290000,59,162.28,0.293,1,0.0,0
"801-Susan-St,-Anna,-TX-75409","801 Susan St, Anna, TX 75409",75409,Single Family,Standard,4,3,2397,6839,2021,399900,58,166.83,0.3505,1,0.0,0
"809-Westwood-Ct,-Anna,-TX-75409","809 Westwood Ct, Anna, TX 75409",75409,Single Family,Standard,4,2.5,2084,6534,2006,389000,57,186.66,0.3189,3,0.0,0
"1109-N-Riggins-St,-Anna,-TX-75409","1109 N Riggins St, Anna, TX 75409",75409,Single Family,Standard,3,1.5,1098,8625,2000,265000,59,241.35,0.1273,1,0.0,0
"717-Houston-St,-Anna,-TX-75409","717 Houston St, Anna, TX 75409",75409,Single Family,Standard,3,2,1816,53927,1975,399900,57,220.21,0.0337,3,-20.01,2
"10024-Slater-Creek-Rd,-Anna,-TX-75409","10024 Slater Creek Rd, Anna, TX 75409",75409,Single Family,Standard,4,3.5,5009,340639,1985,1295000,57,258.53,0.0147,2,11.64,0
"2926-Wagoner-Ranch-Rd,-Anna,-TX-75409","2926 Wagoner Ranch Rd, Anna, TX 75409",75409,Single Family,New Construction,3,2,1552,5663,2026,324990,58,209.4,0.2741,1,0.0,0
"3012-Jenkins-Hl,-Anna,-TX-75409","3012 Jenkins Hl, Anna, TX 75409",75409,Single Family,New Construction,5,5,5819,49179,2025,1399000,57,240.42,0.1183,4,367.89,2
"1109-Post-Oak-Trl,-Anna,-TX-75409","1109 Post Oak Trl, Anna, TX 75409",75409,Single Family,Standard,3,2,1370,5663,2002,235000,56,171.53,0.2419,1,0.0,0
"208-Santa-Lucia-Dr,-Anna,-TX-75409","208 Santa Lucia Dr, Anna, TX 75409",75409,Single Family,Standard,3,3.5,3974,6011,2023,595000,55,149.72,0.6611,1,0.0,0
"817-Hazels-Way,-Anna,-TX-75409","817 Hazels Way, Anna, TX 75409",75409,Single Family,Standard,3,2,1873,8276,2012,299000,54,159.64,0.2263,1,0.0,0
"3201-Hidden-Valley-Dr,-Anna,-TX-75409","3201 Hidden Valley Dr, Anna, TX 75409",75409,Single Family,New Construction,4,3,2309,10019,2025,598902,54,259.38,0.2305,1,0.0,0
"3101-Summer-Rain-Ln,-Anna,-TX-75409","3101 Summer Rain Ln, Anna, TX 75409",75409,Single Family,Standard,4,3.5,2612,5663,2024,451900,54,173.01,0.4612,1,0.0,0
"3233-Rolling-Meadow-Dr,-Anna,-TX-75409","3233 Rolling Meadow Dr, Anna, TX 75409",75409,Single Family,Standard,6,4,4299,11761,2021,599999,54,139.57,0.3655,2,-4.61,1
"2325-Cambridge-Ave,-Anna,-TX-75409","2325 Cambridge Ave, Anna, TX 75409",75409,Single Family,Standard,3,2,1964,7667,2021,389000,54,198.07,0.2562,1,0.0,0
"220-Tartane-Dr,-Anna,-TX-75409","220 Tartane Dr, Anna, TX 75409",75409,Single Family,New Construction,3,3,2162,6621,2026,429000,54,198.43,0.3265,1,0.0,0
"908-Edinburgh-Dr,-Anna,-TX-75409","908 Edinburgh Dr, Anna, TX 75409",75409,Single Family,Standard,4,3,2333,7797,2019,510000,52,218.6,0.2992,1,0.0,0
"437-Niagara-Falls-Dr,-Anna,-TX-75409","437 Niagara Falls Dr, Anna, TX 75409",75409,Single Family,Standard,4,2,1966,6186,2005,294000,53,149.54,0.3178,1,0.0,0
"1626-White-Oak-Rd,-Anna,-TX-75409","1626 White Oak Rd, Anna, TX 75409",75409,Single Family,Standard,3,2.5,2000,6011,2002,329000,51,164.5,0.3327,2,40.0,0
"1610-Cherry-Hill-Dr,-Anna,-TX-75409","1610 Cherry Hill Dr, Anna, TX 75409",75409,Single Family,Standard,4,2,2033,7841,2017,365000,50,179.54,0.2593,1,0.0,0
"2100-Yarbrough-Dr,-Anna,-TX-75409","2100 Yarbrough Dr, Anna, TX 75409",75409,Single Family,Standard,4,2,2025,6098,2022,370000,48,182.72,0.3321,2,-11.9,1
"3108-Greymoore-Dr,-Anna,-TX-75409","3108 Greymoore Dr, Anna, TX 75409",75409,Single Family,Standard,3,2,2028,7318,2022,379000,48,186.88,0.2771,1,0.0,0
"2100-Brentwood-Dr,-Anna,-TX-75409","2100 Brentwood Dr, Anna, TX 75409",75409,Single Family,Standard,5,2.5,2700,7187,2023,395000,48,146.3,0.3757,2,-16.84,1
"834-Hazels-Way,-Anna,-TX-75409","834 Hazels Way, Anna, TX 75409",75409,Single Family,Standard,3,2,1412,6098,2007,282000,48,199.72,0.2316,1,0.0,0
"820-Sand-Piper-Ln,-Anna,-TX-75409","820 Sand Piper Ln, Anna, TX 75409",75409,Single Family,New Construction,3,2,1998,7187,2026,492045,48,246.27,0.278,1,0.0,0
"816-Sand-Piper-Ln,-Anna,-TX-75409","816 Sand Piper Ln, Anna, TX 75409",75409,Single Family,New Construction,3,2,1860,7187,2026,485957,48,261.27,0.2588,1,0.0,0
"3037-Crossing-Dr,-Anna,-TX-75409","3037 Crossing Dr, Anna, TX 75409",75409,Single Family,Standard,4,3.5,3977,49658,2019,1195000,46,300.48,0.0801,1,0.0,0
"2017-Atwood-Dr,-Anna,-TX-75409","2017 Atwood Dr, Anna, TX 75409",75409,Single Family,Standard,4,2.5,2586,8276,2024,429900,46,166.24,0.3125,4,-4.45,2
"5194-E-FM-455,-Anna,-TX-75409","5194 E FM 455, Anna, TX 75409",75409,Single Family,Standard,4,2,1440,259530,1950,474999,46,329.86,0.0055,1,0.0,0
"728-Mahogany-Dr,-Anna,-TX-75409","728 Mahogany Dr, Anna, TX 75409",75409,Single Family,Standard,3,2.5,2196,6098,2007,300000,46,136.61,0.3601,1,0.0,0
"2018-Hickory-Trl,-Anna,-TX-75409","2018 Hickory Trl, Anna, TX 75409",75409,Single Family,Standard,4,2,1898,5663,2005,289000,44,152.27,0.3352,1,0.0,0
"3424-Cloyce-Box-Dr,-Anna,-TX-75409","3424 Cloyce Box Dr, Anna, TX 75409",75409,Single Family,New Construction,3,2,1683,4918,2026,319990,43,190.13,0.3422,1,0.0,0
"3404-Cloyce-Box-Dr,-Anna,-TX-75409","3404 Cloyce Box Dr, Anna, TX 75409",75409,Single Family,New Construction,3,2,1427,4918,2026,309990,43,217.23,0.2902,1,0.0,0
"2515-Taylor-Blvd,-Anna,-TX-75409","2515 Taylor Blvd, Anna, TX 75409",75409,Single Family,Standard,4,3,2506,204776,1988,935000,42,373.1,0.0122,1,0.0,0
"313-Tate-Ln,-Anna,-TX-75409","313 Tate Ln, Anna, TX 75409",75409,Single Family,Standard,4,3,3314,7710,2022,569500,42,171.85,0.4298,1,0.0,0
"232-Penn-St,-Anna,-TX-75409","232 Penn St, Anna, TX 75409",75409,Single Family,Standard,4,3.5,2821,8581,2023,470000,42,166.61,0.3287,1,0.0,0
"812-Woodview-Ct,-Anna,-TX-75409","812 Woodview Ct, Anna, TX 75409",75409,Single Family,Standard,4,3.5,3516,7275,2022,524900,42,149.29,0.4833,1,0.0,0
"1706-Deerchase-Dr,-Anna,-TX-75409","1706 Deerchase Dr, Anna, TX 75409",75409,Single Family,Standard,4,2,1726,5619,2021,299999,41,173.81,0.3072,1,0.0,0
"2334-Triston-St,-Anna,-TX-75409","2334 Triston St, Anna, TX 75409",75409,Single Family,Standard,4,2,1892,7579,2017,280000,41,147.99,0.2496,2,-9.65,1
"2014-Tanur-Cascade-Dr,-Anna,-TX-75409","2014 Tanur Cascade Dr, Anna, TX 75409",75409,Single Family,Standard,4,2.5,2709,8276,2003,318000,41,117.39,0.3273,1,0.0,0
"2619-Hawkins-St,-Anna,-TX-75409","2619 Hawkins St, Anna, TX 75409",75409,Single Family,New Construction,4,2.5,2331,4966,2026,349990,41,150.15,0.4694,2,-3.05,1
"806-Brittany-Dr,-Anna,-TX-75409","806 Brittany Dr, Anna, TX 75409",75409,Single Family,Standard,4,2,1663,6839,2020,300000,41,180.4,0.2432,3,-3.23,1
"1205-Rockridge-Trl,-Anna,-TX-75409","1205 Rockridge Trl, Anna, TX 75409",75409,Single Family,Standard,4,2.5,3011,6708,2019,475000,41,157.75,0.4489,1,0.0,0
"2604-Spade-St,-Anna,-TX-75409","2604 Spade St, Anna, TX 75409",75409,Single Family,New Construction,3,2,1427,4918,2026,299990,41,210.22,0.2902,1,0.0,0
"2209-Sue-Ellen-St,-Anna,-TX-75409","2209 Sue Ellen St, Anna, TX 75409",75409,Single Family,Standard,5,2.5,3065,6011,2023,425000,40,138.66,0.5099,2,-13.27,1
"1209-Ash-St,-Anna,-TX-75409","1209 Ash St, Anna, TX 75409",75409,Single Family,Standard,4,2,1817,8276,2003,299900,40,165.05,0.2196,1,0.0,0
"3301-Greymoore-Dr,-Anna,-TX-75409","3301 Greymoore Dr, Anna, TX 75409",75409,Single Family,Standard,4,2.5,2724,7231,2022,375000,40,137.67,0.3767,1,0.0,0
"3104-Lake-Village-Dr,-Anna,-TX-75409","3104 Lake Village Dr, Anna, TX 75409",75409,Single Family,Standard,5,3.5,3360,5663,2024,475000,39,141.37,0.5933,1,0.0,0
"1206-N-Powell-Pkwy,-Anna,-TX-75409","1206 N Powell Pkwy, Anna, TX 75409",75409,Single Family,Standard,2,3,1281,9583,1966,215000,39,167.84,0.1337,4,7.5,2
"2532-Three-Bars-Ln,-Anna,-TX-75409","2532 Three Bars Ln, Anna, TX 75409",75409,Single Family,New Construction,4,2,1951,4617,2025,359990,39,184.52,0.4226,1,0.0,0
"311-Pecan-Hollow-Cir,-Anna,-TX-75409","311 Pecan Hollow Cir, Anna, TX 75409",75409,Single Family,Standard,3,2,2314,50442,2018,619000,37,267.5,0.0459,1,0.0,0
"817-Post-Oak-Trl,-Anna,-TX-75409","817 Post Oak Trl, Anna, TX 75409",75409,Single Family,Standard,3,2,1866,6098,2013,310000,36,166.13,0.306,1,0.0,0
"224-Tartane-Dr,-Anna,-TX-75409","224 Tartane Dr, Anna, TX 75409",75409,Single Family,Standard,3,2,1932,6795,2023,369900,35,191.46,0.2843,1,0.0,0
"175-Pecan-Hollow-Cir,-Anna,-TX-75409","175 Pecan Hollow Cir, Anna, TX 75409",75409,Single Family,Standard,3,2.5,2377,49136,2007,529000,35,222.55,0.0484,2,-8.0,1
"2912-Thousand-Oaks-Dr,-Anna,-TX-75409","2912 Thousand Oaks Dr, Anna, TX 75409",75409,Single Family,Standard,4,2,2104,43560,2002,563000,34,267.59,0.0483,1,0.0,0
"3005-Parker-Rd,-Anna,-TX-75409","3005 Parker Rd, Anna, TX 75409",75409,Single Family,Standard,4,2,1656,6011,2019,279900,34,169.02,0.2755,4,-3.45,3
"161-Ryan-St,-Anna,-TX-75409","161 Ryan St, Anna, TX 75409",75409,Single Family,Standard,3,2,1619,6011,2017,285000,34,176.03,0.2693,1,0.0,0
"1608-Black-Willow-Trl,-Anna,-TX-75409","1608 Black Willow Trl, Anna, TX 75409",75409,Single Family,Standard,3,2,1526,6011,2011,279999,33,183.49,0.2539,1,0.0,0
"1718-Sandalwood-Ln,-Anna,-TX-75409","1718 Sandalwood Ln, Anna, TX 75409",75409,Single Family,Standard,4,3,2800,7841,2017,415000,34,148.21,0.3571,1,0.0,0
"3049-Burwick-Ln,-Anna,-TX-75409","3049 Burwick Ln, Anna, TX 75409",75409,Single Family,New Construction,3,2,1868,6098,2026,354596,32,189.83,0.3063,1,0.0,0
"400-Penn-St,-Anna,-TX-75409","400 Penn St, Anna, TX 75409",75409,Single Family,Standard,3,2,1783,7318,2022,300000,32,168.26,0.2436,3,-17.81,1
"1109-Nathan-Ln,-Anna,-TX-75409","1109 Nathan Ln, Anna, TX 75409",75409,Single Family,Standard,4,2,1991,5968,2023,399990,30,200.9,0.3336,1,0.0,0
"1208-Castiglione-Ln,-Anna,-TX-75409","1208 Castiglione Ln, Anna, TX 75409",75409,Single Family,Standard,3,2,1800,,2024,385000,32,213.89,,1,0.0,0
"1706-Willow-Way,-Anna,-TX-75409","1706 Willow Way, Anna, TX 75409",75409,Single Family,Standard,3,2,1620,5663,2003,264900,31,163.52,0.2861,1,0.0,0
"806-Bens-Dr,-Anna,-TX-75409","806 Bens Dr, Anna, TX 75409",75409,Single Family,Standard,4,2,1595,7841,2004,259900,31,162.95,0.2034,4,-11.57,3
"2216-Chloe-Ln,-Anna,-TX-75409","2216 Chloe Ln, Anna, TX 75409",75409,Single Family,New Construction,4,2.5,2418,7196,2025,355990,30,147.22,0.336,2,1.42,0
"1717-Katelynn-Ln,-Anna,-TX-75409","1717 Katelynn Ln, Anna, TX 75409",75409,Single Family,Standard,4,3.5,2205,6011,2020,355000,29,161.0,0.3668,1,0.0,0
"704-Highberry-Dr,-Anna,-TX-75409","704 Highberry Dr, Anna, TX 75409",75409,Single Family,Standard,3,2,1858,6011,2021,385000,29,207.21,0.3091,1,0.0,0
"1745-County-Rd,-1106,-Anna,-TX-75409","1745 County Rd, 1106, Anna, TX 75409",75409,Single Family,Standard,4,3,3411,43865,2014,935000,29,274.11,0.0778,1,0.0,0
"821-Honeywell-Dr,-Anna,-TX-75409","821 Honeywell Dr, Anna, TX 75409",75409,Single Family,Standard,4,2.5,2736,7405,2007,348900,28,127.52,0.3695,1,0.0,0
"1120-Century-Tree-Ln,-Anna,-TX-75409","1120 Century Tree Ln, Anna, TX 75409",75409,Single Family,Standard,4,3,2185,6011,2024,426000,28,194.97,0.3635,1,0.0,0
"2621-Spade-St,-Anna,-TX-75409","2621 Spade St, Anna, TX 75409",75409,Single Family,Standard,3,2,1706,5663,2024,400000,169,234.47,0.3013,1,0.0,0
"2901-Aspen-Dr,-Anna,-TX-75409","2901 Aspen Dr, Anna, TX 75409",75409,Single Family,Standard,5,3,2854,11151,2021,460000,27,161.18,0.2559,1,0.0,0
"1809-Mesquite-Ln,-Anna,-TX-75409","1809 Mesquite Ln, Anna, TX 75409",75409,Single Family,Standard,4,2.5,2942,6011,2015,380000,27,129.16,0.4894,1,0.0,0
"132-Birdbrook-Dr,-Anna,-TX-75409","132 Birdbrook Dr, Anna, TX 75409",75409,Single Family,Standard,3,2,1782,6098,2006,305000,26,171.16,0.2922,3,-4.39,2
"932-Cottonwood-Trl,-Anna,-TX-75409","932 Cottonwood Trl, Anna, TX 75409",75409,Single Family,Standard,3,2.5,2207,8712,2008,299900,26,135.89,0.2533,1,0.0,0
"3145-Bowen-St,-Anna,-TX-75409","3145 Bowen St, Anna, TX 75409",75409,Single Family,Standard,3,2.5,2050,6011,2020,294900,26,143.85,0.341,1,0.0,0
"2033-Crockett-Way,-Anna,-TX-75409","2033 Crockett Way, Anna, TX 75409",75409,Single Family,New Construction,4,2.5,2418,7196,2026,355990,26,147.22,0.336,1,0.0,0
"2112-Atlantic-Ave,-Anna,-TX-75409","2112 Atlantic Ave, Anna, TX 75409",75409,Single Family,Standard,5,2.5,2404,12371,2019,350000,26,145.59,0.1943,2,-6.67,1
"11872-County-Rd,-577,-Anna,-TX-75409","11872 County Rd, 577, Anna, TX 75409",75409,Single Family,Standard,3,2.5,2573,580655,2022,1500000,26,582.98,0.0044,1,0.0,0
"2002-Hickory-Trl,-Anna,-TX-75409","2002 Hickory Trl, Anna, TX 75409",75409,Single Family,Standard,4,2,1898,9583,2004,299900,25,158.01,0.1981,1,0.0,0
"3029-Ashbrook-Ln,-Anna,-TX-75409","3029 Ashbrook Ln, Anna, TX 75409",75409,Single Family,Standard,3,2,1505,4400,2024,284000,24,188.7,0.342,2,0.0,0
"2129-Stinnet-St,-Anna,-TX-75409","2129 Stinnet St, Anna, TX 75409",75409,Single Family,Standard,4,3,2973,6011,2023,418990,24,140.93,0.4946,1,0.0,0
"1253-Carinna-Dr,-Anna,-TX-75409","1253 Carinna Dr, Anna, TX 75409",75409,Single Family,Standard,4,2,1800,9017,2022,330000,23,183.33,0.1996,2,-5.71,1
"3588-County-Rd,-417,-Anna,-TX-75409","3588 County Rd, 417, Anna, TX 75409",75409,Single Family,Standard,3,2,1726,87120,1997,450000,22,260.72,0.0198,1,0.0,0
"2419-Thayne-Dr,-Anna,-TX-75409","2419 Thayne Dr, Anna, TX 75409",75409,Single Family,Standard,4,3,2457,7449,2017,399000,22,162.39,0.3298,1,0.0,0
"501-Princeton-Ave,-Anna,-TX-75409","501 Princeton Ave, Anna, TX 75409",75409,Single Family,New Construction,4,3,2921,17424,2026,564900,21,193.39,0.1676,2,606.12,0
"2028-Ozark-Hill-Ln,-Anna,-TX-75409","2028 Ozark Hill Ln, Anna, TX 75409",75409,Single Family,New Construction,4,3,2970,6499,2026,389900,20,131.28,0.457,1,0.0,0
"231-Lamont-Rd,-Anna,-TX-75409","231 Lamont Rd, Anna, TX 75409",75409,Single Family,Standard,3,2,1613,6098,2013,259900,20,161.13,0.2645,1,0.0,0
"1614-Fields-View-Dr,-Anna,-TX-75409","1614 Fields View Dr, Anna, TX 75409",75409,Single Family,Standard,3,2,1516,6273,2020,325000,20,214.38,0.2417,3,-2.4,1
"1120-Ainsworth-Dr,-Anna,-TX-75409","1120 Ainsworth Dr, Anna, TX 75409",75409,Single Family,Standard,4,2,2035,6098,2011,350000,19,171.99,0.3337,1,0.0,0
"502-Hilltop-Dr,-Anna,-TX-75409","502 Hilltop Dr, Anna, TX 75409",75409,Single Family,Standard,4,2.5,2543,6534,2003,309000,20,121.51,0.3892,2,-3.13,1
"300-Meadow-View-Ln,-Anna,-TX-75409","300 Meadow View Ln, Anna, TX 75409",75409,Single Family,Standard,3,2,1479,7405,2005,289900,20,196.01,0.1997,2,-3.04,1
"2009-Sue-Ellen-St,-Anna,-TX-75409","2009 Sue Ellen St, Anna, TX 75409",75409,Single Family,Standard,5,2.5,3065,6011,2023,420000,20,137.03,0.5099,1,0.0,0
"225-Meadow-Ridge-Dr,-Anna,-TX-75409","225 Meadow Ridge Dr, Anna, TX 75409",75409,Single Family,Standard,3,2,1663,7841,2013,285500,19,171.68,0.2121,1,0.0,0
"1301-Oak-Hollow-Ln,-Anna,-TX-75409","1301 Oak Hollow Ln, Anna, TX 75409",75409,Single Family,Standard,4,2,1888,6098,2004,358990,18,190.14,0.3096,1,0.0,0
"13399-Briarcove-Rd,-Anna,-TX-75409","13399 Briarcove Rd, Anna, TX 75409",75409,Single Family,Standard,4,2,2770,478332,1984,939000,16,338.99,0.0058,1,0.0,0
"1625-White-Oak-Rd,-Anna,-TX-75409","1625 White Oak Rd, Anna, TX 75409",75409,Single Family,Standard,3,2,1237,6098,2002,275000,16,222.31,0.2029,1,0.0,0
"2628-Glacier-Rd,-Anna,-TX-75409","2628 Glacier Rd, Anna, TX 75409",75409,Single Family,New Construction,4,2,1689,,2026,319890,15,189.4,,4,-11.35,2
"1103-Foxtail-Dr,-Anna,-TX-75409","1103 Foxtail Dr, Anna, TX 75409",75409,Single Family,Standard,3,2,1607,7231,2017,304900,15,189.73,0.2222,1,0.0,0
"1509-Kadynce-Ln,-Anna,-TX-75409","1509 Kadynce Ln, Anna, TX 75409",75409,Single Family,New Construction,5,4,3004,7405,2026,491520,15,163.62,0.4057,1,0.0,0
"1509-Xavier-St,-Anna,-TX-75409","1509 Xavier St, Anna, TX 75409",75409,Single Family,New Construction,3,3,2449,,,427900,15,174.72,,4,-4.89,2
"1624-Cydney-Ln,-Anna,-TX-75409","1624 Cydney Ln, Anna, TX 75409",75409,Single Family,New Construction,5,4,2763,7405,2026,431920,15,156.32,0.3731,1,0.0,0
"1712-Amber-Gate-Dr,-Anna,-TX-75409","1712 Amber Gate Dr, Anna, TX 75409",75409,Single Family,New Construction,4,4,3270,,2026,507625,14,155.24,,1,0.0,0
"1708-Amber-Gate-Dr,-Anna,-TX-75409","1708 Amber Gate Dr, Anna, TX 75409",75409,Single Family,New Construction,4,2,1762,,2026,407124,14,231.06,,1,0.0,0
"1812-Amber-Gate-Dr,-Anna,-TX-75409","1812 Amber Gate Dr, Anna, TX 75409",75409,Single Family,New Construction,4,3,2887,,2026,504089,14,174.61,,1,0.0,0
"1701-Amber-Gate-Dr,-Anna,-TX-75409","1701 Amber Gate Dr, Anna, TX 75409",75409,Single Family,New Construction,4,2,1762,,2026,446436,14,253.37,,1,0.0,0
"1601-Josiah-Dr,-Anna,-TX-75409","1601 Josiah Dr, Anna, TX 75409",75409,Single Family,New Construction,4,,2793,,,425990,14,152.52,,25,2.65,13
"1728-Gardendale-Hollow-Ln,-Anna,-TX-75409","1728 Gardendale Hollow Ln, Anna, TX 75409",75409,Single Family,New Construction,4,3,2260,5227,2026,379517,14,167.93,0.4324,1,0.0,0
"1804-Hickory-Chase-Ln,-Anna,-TX-75409","1804 Hickory Chase Ln, Anna, TX 75409",75409,Single Family,New Construction,4,,3695,,,534990,14,144.79,,25,17.07,10
"609-Amenduni-Ln,-Anna,-TX-75409","609 Amenduni Ln, Anna, TX 75409",75409,Single Family,New Construction,5,5,3503,,,529000,14,151.01,,2,-17.21,1
"1601-Cydney-Ln,-Anna,-TX-75409","1601 Cydney Ln, Anna, TX 75409",75409,Single Family,New Construction,5,4,3095,,,444990,14,143.78,,2,-2.2,1
"2629-Glacier-Rd,-Anna,-TX-75409","2629 Glacier Rd, Anna, TX 75409",75409,Single Family,New Construction,3,2,1507,,2026,329140,14,218.41,,2,-0.9,1
"1505-Kadynce-Ln,-Anna,-TX-75409","1505 Kadynce Ln, Anna, TX 75409",75409,Single Family,New Construction,4,3,3367,7405,2026,503060,14,149.41,0.4547,1,0.0,0
"3217-Cross-Shore-Dr,-Anna,-TX-75409","3217 Cross Shore Dr, Anna, TX 75409",75409,Single Family,New Construction,4,,3430,,,566990,14,165.3,,25,3.09,13
"2509-Freeman-St,-Anna,-TX-75409","2509 Freeman St, Anna, TX 75409",75409,Single Family,New Construction,3,2,1668,,2026,349990,14,209.83,,8,-3.97,3
"1000-Cross-Shore-Dr,-Anna,-TX-75409","1000 Cross Shore Dr, Anna, TX 75409",75409,Single Family,New Construction,3,,1464,,,268999,14,183.74,,25,-23.8,11
"2929-Olympic-Dr,-Anna,-TX-75409","2929 Olympic Dr, Anna, TX 75409",75409,Single Family,New Construction,4,,2351,,,355560,14,151.24,,25,9.48,11
"2706-Weston-Way,-Anna,-TX-75409","2706 Weston Way, Anna, TX 75409",75409,Single Family,New Construction,4,2.5,2331,,2024,377990,14,162.16,,24,9.25,12
"2221-Crockett-Way,-Anna,-TX-75409","2221 Crockett Way, Anna, TX 75409",75409,Single Family,New Construction,4,3.5,2448,,,357990,14,146.24,,1,0.0,0
"2124-Chloe-Ln,-Anna,-TX-75409","2124 Chloe Ln, Anna, TX 75409",75409,Single Family,New Construction,3,2.5,1841,,,299990,14,162.95,,2,-20.0,1
"2220-Chloe-Ln,-Anna,-TX-75409","2220 Chloe Ln, Anna, TX 75409",75409,Single Family,New Construction,3,2.5,2223,,,331990,14,149.34,,1,0.0,0
"2000-Crockett-Way,-Anna,-TX-75409","2000 Crockett Way, Anna, TX 75409",75409,Single Family,New Construction,4,3.5,2218,,,329990,14,148.78,,1,0.0,0
"3209-Cross-Shore-Dr,-Anna,-TX-75409","3209 Cross Shore Dr, Anna, TX 75409",75409,Single Family,New Construction,4,,3038,,,443787,14,146.08,,17,17.22,7
"3044-Flintrock-Ln,-Anna,-TX-75409","3044 Flintrock Ln, Anna, TX 75409",75409,Single Family,New Construction,3,2,2032,,,359473,14,176.91,,1,0.0,0
"2526-Thayne-Dr,-Anna,-TX-75409","2526 Thayne Dr, Anna, TX 75409",75409,Single Family,Standard,3,2,2114,7710,2017,376000,14,177.86,0.2742,5,-12.15,3
"2148-Hampton-St,-Anna,-TX-75409","2148 Hampton St, Anna, TX 75409",75409,Single Family,New Construction,4,,2239,,,406990,14,181.77,,24,-3.33,12
"773-Waterhouse-Lake-Dr,-Anna,-TX-75409","773 Waterhouse Lake Dr, Anna, TX 75409",75409,Single Family,New Construction,4,3.5,2979,,,434000,14,145.69,,2,-2.25,1
"2707-Weston-Way,-Anna,-TX-75409","2707 Weston Way, Anna, TX 75409",75409,Single Family,New Construction,4,,1951,,,345990,14,177.34,,25,4.85,11
"1201-Century-Tree-Ln,-Anna,-TX-75409","1201 Century Tree Ln, Anna, TX 75409",75409,Single Family,New Construction,3,3,2466,6534,2025,439990,14,178.42,0.3774,3,-8.9,2
"809-Twin-Pine-Ct,-Anna,-TX-75409","809 Twin Pine Ct, Anna, TX 75409",75409,Single Family,New Construction,4,3.5,3478,7710,2024,535990,14,154.11,0.4511,25,16.27,14
"2629-Grand-Teton-Dr,-Anna,-TX-75409","2629 Grand Teton Dr, Anna, TX 75409",75409,Single Family,New Construction,5,3,2791,,,399852,14,143.26,,1,0.0,0
"1501-Sherwood-Dr,-Anna,-TX-75409","1501 Sherwood Dr, Anna, TX 75409",75409,Single Family,Standard,4,2,2303,8320,2018,435000,14,188.88,0.2768,3,-6.65,2
"1620-Esra-Ln,-Anna,-TX-75409","1620 Esra Ln, Anna, TX 75409",75409,Single Family,New Construction,4,2.5,2449,,,449900,14,183.71,,3,-0.66,1
"3205-Cross-Shore-Dr,-Anna,-TX-75409","3205 Cross Shore Dr, Anna, TX 75409",75409,Single Family,New Construction,4,,2605,,,402990,14,154.7,,24,7.47,10
"3213-Cross-Shore-Dr,-Anna,-TX-75409","3213 Cross Shore Dr, Anna, TX 75409",75409,Single Family,New Construction,5,,2733,,,475950,14,174.15,,25,-6.67,10
"900-Amenduni-Ln,-Anna,-TX-75409","900 Amenduni Ln, Anna, TX 75409",75409,Single Family,New Construction,4,3.5,2757,5153,2026,456650,13,165.63,0.535,1,0.0,0
"901-Tartane-Dr,-Anna,-TX-75409","901 Tartane Dr, Anna, TX 75409",75409,Single Family,New Construction,3,2.5,1950,,,420500,13,215.64,,1,0.0,0
"805-Santa-Lucia-Dr,-Anna,-TX-75409","805 Santa Lucia Dr, Anna, TX 75409",75409,Single Family,New Construction,4,2.5,1805,,,324000,13,179.5,,1,0.0,0
"620-Lido-Ln,-Anna,-TX-75409","620 Lido Ln, Anna, TX 75409",75409,Single Family,New Construction,4,4,3532,,,509000,13,144.11,,1,0.0,0
"1325-Staffords-Point-Ln,-Anna,-TX-75409","1325 Staffords Point Ln, Anna, TX 75409",75409,Single Family,New Construction,4,3,2632,6926,2026,464990,13,176.67,0.38,1,0.0,0
"233-Waterhouse-Lake-Dr,-Anna,-TX-75409","233 Waterhouse Lake Dr, Anna, TX 75409",75409,Townhouse,New Construction,3,,1745,,,283240,13,162.32,,25,-16.69,12
"3405-Running-Spring-Dr,-Anna,-TX-75409","3405 Running Spring Dr, Anna, TX 75409",75409,Single Family,New Construction,5,3,2894,,2026,537220,13,185.63,,1,0.0,0
"3413-Running-Spring-Dr,-Anna,-TX-75409","3413 Running Spring Dr, Anna, TX 75409",75409,Single Family,New Construction,4,2.5,2054,,2026,468990,13,228.33,,1,0.0,0
"1800-Gardendale-Hollow-Ln,-Anna,-TX-75409","1800 Gardendale Hollow Ln, Anna, TX 75409",75409,Single Family,New Construction,5,3,2791,5227,2026,427747,13,153.26,0.534,2,-1.16,1
"1636-Arches-Rd,-Anna,-TX-75409","1636 Arches Rd, Anna, TX 75409",75409,Single Family,New Construction,4,2.5,2357,,2026,355588,13,150.86,,2,-4.18,1
"2501-Freeman-St,-Anna,-TX-75409","2501 Freeman St, Anna, TX 75409",75409,Single Family,New Construction,5,3.5,2845,15311,2026,429990,13,151.14,0.1858,1,0.0,0
"3048-Flintrock-Ln,-Anna,-TX-75409","3048 Flintrock Ln, Anna, TX 75409",75409,Single Family,New Construction,5,3.5,3038,,,468987,13,154.37,,1,0.0,0
"3687-Desperado-Way,-Anna,-TX-75409","3687 Desperado Way, Anna, TX 75409",75409,Single Family,New Construction,5,3.5,2330,,,362984,13,155.79,,1,0.0,0
"2920-Wild-Flower-Ln,-Anna,-TX-75409","2920 Wild Flower Ln, Anna, TX 75409",75409,Single Family,New Construction,3,,2330,,,335990,13,144.2,,21,0.6,9
"3683-Desperado-Way,-Anna,-TX-75409","3683 Desperado Way, Anna, TX 75409",75409,Single Family,New Construction,3,2,1500,,,301469,13,200.98,,1,0.0,0
"745-Waterhouse-Lake-Dr,-Anna,-TX-75409","745 Waterhouse Lake Dr, Anna, TX 75409",75409,Single Family,New Construction,5,3.5,3155,,,432000,13,136.93,,3,-12.37,2
"1100-Faringdon-Dr,-Anna,-TX-75409","1100 Faringdon Dr, Anna, TX 75409",75409,Single Family,Standard,4,2.5,2058,7797,2020,419000,13,203.6,0.2639,1,0.0,0
"729-Jessica-Lynn-Ln,-Anna,-TX-75409","729 Jessica Lynn Ln, Anna, TX 75409",75409,Single Family,Standard,4,3.5,2205,6142,2022,362500,13,164.4,0.359,1,0.0,0
"216-Meadow-Lark-Ln,-Anna,-TX-75409","216 Meadow Lark Ln, Anna, TX 75409",75409,Single Family,Standard,3,2,1423,7405,2004,259900,13,182.64,0.1922,1,0.0,0
"2928-Olympic-Dr,-Anna,-TX-75409","2928 Olympic Dr, Anna, TX 75409",75409,Single Family,New Construction,3,,1507,,,301890,13,200.33,,19,-30.43,10
"1673-Road-Runner-Rd,-Anna,-TX-75409","1673 Road Runner Rd, Anna, TX 75409",75409,Single Family,Standard,4,3,2723,73094,1976,715000,13,262.58,0.0373,2,0.0,0
"2033-Hickory-Chase-Ln,-Anna,-TX-75409","2033 Hickory Chase Ln, Anna, TX 75409",75409,Single Family,New Construction,4,2,2038,7501,2026,425538,13,208.8,0.2717,1,0.0,0
"108-Santa-Lucia-Dr,-Anna,-TX-75409","108 Santa Lucia Dr, Anna, TX 75409",75409,Single Family,New Construction,5,4.5,4058,,,559000,12,137.75,,1,0.0,0
"1009-Santa-Lucia-Dr,-Anna,-TX-75409","1009 Santa Lucia Dr, Anna, TX 75409",75409,Single Family,New Construction,4,3.5,2256,,,419000,12,185.73,,1,0.0,0
"1609-Cydney-Ln,-Anna,-TX-75409","1609 Cydney Ln, Anna, TX 75409",75409,Single Family,New Construction,3,2,1642,,,319990,12,194.88,,3,-8.63,2
"2632-Glacier-Rd,-Anna,-TX-75409","2632 Glacier Rd, Anna, TX 75409",75409,Single Family,New Construction,4,3,2397,,2026,382830,12,159.71,,4,-2.55,2
"640-Brock-Dr,-Anna,-TX-75409","640 Brock Dr, Anna, TX 75409",75409,Single Family,Standard,4,2,1663,9757,2017,325000,13,195.43,0.1704,2,-1.52,1
"2610-Stevenson-St,-Anna,-TX-75409","2610 Stevenson St, Anna, TX 75409",75409,Single Family,New Construction,4,3.5,2684,,2026,369990,12,137.85,,1,0.0,0
"1804-Amber-Gate-Dr,-Anna,-TX-75409","1804 Amber Gate Dr, Anna, TX 75409",75409,Single Family,New Construction,3,2,2114,,2026,434910,12,205.73,,1,0.0,0
"1500-Lake-Alpine-Trl,-Anna,-TX-75409","1500 Lake Alpine Trl, Anna, TX 75409",75409,Townhouse,New Construction,3,2,1502,544,2025,258000,12,171.77,2.761,1,0.0,0
"1921-Willowhurst-Ln,-Anna,-TX-75409","1921 Willowhurst Ln, Anna, TX 75409",75409,Single Family,New Construction,3,2,1606,,2026,407008,12,253.43,,1,0.0,0
"3429-Running-Spring-Dr,-Anna,-TX-75409","3429 Running Spring Dr, Anna, TX 75409",75409,Single Family,New Construction,4,2.5,2054,,2026,473340,12,230.45,,1,0.0,0
"3409-Running-Spring-Dr,-Anna,-TX-75409","3409 Running Spring Dr, Anna, TX 75409",75409,Single Family,New Construction,4,2,1805,,2026,468665,12,259.65,,1,0.0,0
"2701-Grand-Teton-Dr,-Anna,-TX-75409","2701 Grand Teton Dr, Anna, TX 75409",75409,Single Family,New Construction,4,3,2363,,2026,379385,12,160.55,,3,-2.94,1
"2625-Grand-Canyon-Dr,-Anna,-TX-75409","2625 Grand Canyon Dr, Anna, TX 75409",75409,Single Family,New Construction,4,3,2477,,2025,412581,12,166.56,,5,-4.62,3
"2700-Grand-Canyon-St,-Anna,-TX-75409","2700 Grand Canyon St, Anna, TX 75409",75409,Single Family,New Construction,4,3,2059,5227,2025,358468,12,174.1,0.3939,3,-13.62,2
"2617-Grand-Canyon-Dr,-Anna,-TX-75409","2617 Grand Canyon Dr, Anna, TX 75409",75409,Single Family,New Construction,4,3,2259,,2025,414554,12,183.51,,3,-4.6,2
"2108-Crockett-Way,-Anna,-TX-75409","2108 Crockett Way, Anna, TX 75409",75409,Single Family,New Construction,4,3.5,2448,7667,2026,370230,12,151.24,0.3193,2,0.75,0
"2113-Crockett-Way,-Anna,-TX-75409","2113 Crockett Way, Anna, TX 75409",75409,Single Family,New Construction,3,2,1352,9148,2026,283990,12,210.05,0.1478,1,0.0,0
"2101-Crockett-Way,-Anna,-TX-75409","2101 Crockett Way, Anna, TX 75409",75409,Single Family,New Construction,3,2.5,2223,,,327990,12,147.54,,1,0.0,0
"2317-Crockett-Way,-Anna,-TX-75409","2317 Crockett Way, Anna, TX 75409",75409,Single Family,New Construction,3,2,1352,9148,2025,283990,12,210.05,0.1478,4,-1.73,2
"128-Hilltop-Dr,-Anna,-TX-75409","128 Hilltop Dr, Anna, TX 75409",75409,Single Family,Standard,3,2,1384,6098,2004,275000,12,198.7,0.227,1,0.0,0
"1029-Meadow-Springs-Ln,-Anna,-TX-75409","1029 Meadow Springs Ln, Anna, TX 75409",75409,Single Family,New Construction,3,2,1658,,2026,315005,12,189.99,,1,0.0,0
"204-Starlight-Dr,-Anna,-TX-75409","204 Starlight Dr, Anna, TX 75409",75409,Single Family,New Construction,3,2,1868,,2026,358638,12,191.99,,2,1.99,0
"1113-Gardendale-Hollow-Ln,-Anna,-TX-75409","1113 Gardendale Hollow Ln, Anna, TX 75409",75409,Single Family,Standard,4,3,2057,6534,2024,365000,12,177.44,0.3148,2,-3.88,1
"2925-Olympic-Dr,-Anna,-TX-75409","2925 Olympic Dr, Anna, TX 75409",75409,Single Family,New Construction,3,,2417,,,397990,12,164.66,,8,-13.85,3
"1512-Eagle-Meadow-Trl,-Anna,-TX-75409","1512 Eagle Meadow Trl, Anna, TX 75409",75409,Single Family,New Construction,3,2.5,1688,,,360000,12,213.27,,2,1.41,0
"1720-Amber-Gate-Dr,-Anna,-TX-75409","1720 Amber Gate Dr, Anna, TX 75409",75409,Single Family,New Construction,4,2,2150,,2026,424990,11,197.67,,1,0.0,0
"1808-Hickory-Chase-Ln,-Anna,-TX-75409","1808 Hickory Chase Ln, Anna, TX 75409",75409,Single Family,New Construction,4,,2759,,,454990,11,164.91,,19,14.9,6
"1817-Willowhurst-Ln,-Anna,-TX-75409","1817 Willowhurst Ln, Anna, TX 75409",75409,Single Family,New Construction,4,3,2887,,2026,499990,11,173.19,,1,0.0,0
"744-Santa-Lucia-Dr,-Anna,-TX-75409","744 Santa Lucia Dr, Anna, TX 75409",75409,Single Family,New Construction,4,3.5,2819,,,419000,11,148.63,,6,-8.67,4
"1313-Gardendale-Hollow-Ln,-Anna,-TX-75409","1313 Gardendale Hollow Ln, Anna, TX 75409",75409,Single Family,New Construction,4,2,1967,,2026,384990,11,195.72,,1,0.0,0
"2528-Stowers-St,-Anna,-TX-75409","2528 Stowers St, Anna, TX 75409",75409,Single Family,New Construction,4,3.5,3076,4792,2026,434990,11,141.41,0.6419,1,0.0,0
"2615-Stowers-St,-Anna,-TX-75409","2615 Stowers St, Anna, TX 75409",75409,Single Family,New Construction,3,2,1518,4792,2026,294990,11,194.33,0.3168,2,-3.08,1
"2642-Stowers-St,-Anna,-TX-75409","2642 Stowers St, Anna, TX 75409",75409,Single Family,New Construction,4,2.5,1886,6534,2026,334990,11,177.62,0.2886,2,-1.71,1
"508-Portina-Dr,-Anna,-TX-75409","508 Portina Dr, Anna, TX 75409",75409,Single Family,New Construction,4,3.5,3839,,,539000,11,140.4,,2,-22.05,1
"1921-Hickory-Chase-Ln,-Anna,-TX-75409","1921 Hickory Chase Ln, Anna, TX 75409",75409,Single Family,New Construction,5,4,3695,7802,2026,580893,11,157.21,0.4736,1,0.0,0
"2005-Hickory-Chase-Ln,-Anna,-TX-75409","2005 Hickory Chase Ln, Anna, TX 75409",75409,Single Family,New Construction,5,4,3560,7802,2026,555887,11,156.15,0.4563,1,0.0,0
"3305-Lakeland-Ln,-Anna,-TX-75409","3305 Lakeland Ln, Anna, TX 75409",75409,Single Family,New Construction,4,3.5,3435,10890,2026,669990,11,195.05,0.3154,1,0.0,0
"1713-David-Dr,-Anna,-TX-75409","1713 David Dr, Anna, TX 75409",75409,Single Family,New Construction,5,4,3035,7841,2026,419990,11,138.38,0.3871,3,-8.7,2
"1308-Huntington-Dr,-Anna,-TX-75409","1308 Huntington Dr, Anna, TX 75409",75409,Single Family,New Construction,5,3,3064,8059,2026,479990,11,156.65,0.3802,1,0.0,0
"2517-Freeman-St,-Anna,-TX-75409","2517 Freeman St, Anna, TX 75409",75409,Single Family,New Construction,4,2,2605,6582,2025,409990,11,157.39,0.3958,1,0.0,0
"1616-Arches-Rd,-Anna,-TX-75409","1616 Arches Rd, Anna, TX 75409",75409,Single Family,New Construction,4,2,1605,,,306099,11,190.72,,2,-3.16,1
"1620-Arches-Rd,-Anna,-TX-75409","1620 Arches Rd, Anna, TX 75409",75409,Single Family,New Construction,4,2.5,2357,,,356060,11,151.06,,2,-0.56,1
"3401-Longfellow-Ave,-Anna,-TX-75409","3401 Longfellow Ave, Anna, TX 75409",75409,Single Family,New Construction,5,3.5,2845,15311,2025,449990,11,158.17,0.1858,6,-4.26,3
"1721-Arches-Rd,-Anna,-TX-75409","1721 Arches Rd, Anna, TX 75409",75409,Single Family,New Construction,4,2.5,2351,,2026,360708,11,153.43,,3,-7.56,2
"1604-Shenandoah-Trl,-Anna,-TX-75409","1604 Shenandoah Trl, Anna, TX 75409",75409,Single Family,New Construction,4,3.5,2574,7187,2026,429990,11,167.05,0.3581,1,0.0,0
"1107-Brooklyn-Dr,-Anna,-TX-75409","1107 Brooklyn Dr, Anna, TX 75409",75409,Single Family,Standard,4,3,2835,16640,2017,519000,11,183.07,0.1704,1,0.0,0
"3020-Burwick-Ln,-Anna,-TX-75409","3020 Burwick Ln, Anna, TX 75409",75409,Single Family,New Construction,4,3,2309,5663,2026,404255,11,175.08,0.4077,1,0.0,0
"1201-Century-Tree,-Anna,-TX-75409","1201 Century Tree, Anna, TX 75409",75409,Single Family,New Construction,3,,2466,,,439990,11,178.42,,1,0.0,0
"1604-Josiah-Dr,-Anna,-TX-75409","1604 Josiah Dr, Anna, TX 75409",75409,Single Family,New Construction,4,,2013,,,394990,11,196.22,,12,3.67,5
"1513-Xavier-St,-Anna,-TX-75409","1513 Xavier St, Anna, TX 75409",75409,Single Family,New Construction,4,3,2013,,,374900,11,186.24,,2,-5.18,1
"1616-Cydney-Ln,-Anna,-TX-75409","1616 Cydney Ln, Anna, TX 75409",75409,Single Family,New Construction,4,3,2449,,,458900,11,187.38,,2,0.11,0
"721-Samantha-St,-Anna,-TX-75409","721 Samantha St, Anna, TX 75409",75409,Single Family,New Construction,5,4.5,4377,,,838793,10,191.64,,1,0.0,0
"2200-Lantana-Rd,-Anna,-TX-75409","2200 Lantana Rd, Anna, TX 75409",75409,Single Family,New Construction,4,,3765,,,673900,10,178.99,,24,3.22,12
"1533-Shenandoah-Trl,-Anna,-TX-75409","1533 Shenandoah Trl, Anna, TX 75409",75409,Single Family,New Construction,4,3,2259,,,398508,10,176.41,,1,0.0,0
"1904-Amber-Gate-Dr,-Anna,-TX-75409","1904 Amber Gate Dr, Anna, TX 75409",75409,Single Family,New Construction,3,2,2179,,2026,469738,10,215.58,,1,0.0,0
"3007-Wagoner-Ranch-Rd,-Anna,-TX-75409","3007 Wagoner Ranch Rd, Anna, TX 75409",75409,Single Family,New Construction,4,2,1807,,2026,344990,10,190.92,,1,0.0,0
"2929-Kimberwick-Dr,-Anna,-TX-75409","2929 Kimberwick Dr, Anna, TX 75409",75409,Single Family,New Construction,4,2.5,1976,4617,2026,333990,10,169.02,0.428,1,0.0,0
"2602-Hawkins-St,-Anna,-TX-75409","2602 Hawkins St, Anna, TX 75409",75409,Single Family,New Construction,3,2,1683,4918,2026,319990,10,190.13,0.3422,3,-8.17,2
"1605-Shenandoah-Trl,-Anna,-TX-75409","1605 Shenandoah Trl, Anna, TX 75409",75409,Single Family,New Construction,3,3,2072,7187,2026,384990,10,185.81,0.2883,1,0.0,0
"2620-Glacier-Rd,-Anna,-TX-75409","2620 Glacier Rd, Anna, TX 75409",75409,Single Family,New Construction,4,3,2627,,2026,397960,10,151.49,,2,-4.79,1
"1729-David-Dr,-Anna,-TX-75409","1729 David Dr, Anna, TX 75409",75409,Single Family,New Construction,4,3,2449,,,448900,10,183.3,,2,-0.11,1
"1312-Huntington-Dr,-Anna,-TX-75409","1312 Huntington Dr, Anna, TX 75409",75409,Single Family,New Construction,5,3,2168,6578,2026,414990,9,191.42,0.3296,1,0.0,0
"2625-Glacier-Rd,-Anna,-TX-75409","2625 Glacier Rd, Anna, TX 75409",75409,Single Family,New Construction,5,3,2592,,2026,409810,9,158.11,,1,0.0,0
"3053-Hollybrook-Ln,-Anna,-TX-75409","3053 Hollybrook Ln, Anna, TX 75409",75409,Single Family,New Construction,4,2,2605,,2026,419990,9,161.22,,1,0.0,0
"3032-Hollybrook-Ln,-Anna,-TX-75409","3032 Hollybrook Ln, Anna, TX 75409",75409,Single Family,New Construction,5,3.5,2854,5502,2026,439990,9,154.17,0.5187,3,-4.59,2
"2634-Stowers-St,-Anna,-TX-75409","2634 Stowers St, Anna, TX 75409",75409,Single Family,New Construction,3,2.5,1764,4574,2026,334990,9,189.9,0.3857,1,0.0,0
"2607-Stowers-St,-Anna,-TX-75409","2607 Stowers St, Anna, TX 75409",75409,Single Family,New Construction,3,2,1518,4792,2026,294990,9,194.33,0.3168,1,0.0,0
"513-Tartane-Dr,-Anna,-TX-75409","513 Tartane Dr, Anna, TX 75409",75409,Single Family,New Construction,3,3.5,3532,,,499000,9,141.28,,2,-20.67,1
"3312-Creek-Meadow-Dr,-Anna,-TX-75409","3312 Creek Meadow Dr, Anna, TX 75409",75409,Single Family,New Construction,5,4.5,3774,9583,2026,699990,9,185.48,0.3938,1,0.0,0
"1112-Sunbeam-Cv,-Anna,-TX-75409","1112 Sunbeam Cv, Anna, TX 75409",75409,Single Family,New Construction,4,3,2210,6578,2026,524990,9,237.55,0.336,1,0.0,0
"1201-Cristiano-Ln,-Anna,-TX-75409","1201 Cristiano Ln, Anna, TX 75409",75409,Single Family,New Construction,3,2,1723,,,389000,9,225.77,,1,0.0,0
"3022-Wagoner-Ranch-Rd,-Anna,-TX-75409","3022 Wagoner Ranch Rd, Anna, TX 75409",75409,Single Family,New Construction,4,2,1716,,2026,344990,9,201.04,,1,0.0,0
"1604-Cydney-Ln,-Anna,-TX-75409","1604 Cydney Ln, Anna, TX 75409",75409,Single Family,New Construction,5,4,3035,8712,2026,429990,9,141.68,0.3484,5,-8.51,4
"1309-Meadow-Springs-Ln,-Anna,-TX-75409","1309 Meadow Springs Ln, Anna, TX 75409",75409,Single Family,New Construction,3,2,1464,,,263999,9,180.33,,1,0.0,0
"3105-Summer-Rain-Ln,-Anna,-TX-75409","3105 Summer Rain Ln, Anna, TX 75409",75409,Single Family,New Construction,4,2.5,2425,4356,2025,470600,9,194.06,0.5567,2,1.23,0
"1108-Sunbeam-Cv,-Anna,-TX-75409","1108 Sunbeam Cv, Anna, TX 75409",75409,Single Family,New Construction,5,,3720,,,519990,9,139.78,,17,14.29,9
"2316-Crockett-Way,-Anna,-TX-75409","2316 Crockett Way, Anna, TX 75409",75409,Single Family,New Construction,3,2.5,2288,,,339990,9,148.6,,1,0.0,0
"2025-Crockett-Way,-Anna,-TX-75409","2025 Crockett Way, Anna, TX 75409",75409,Single Family,New Construction,4,3.5,2218,,,333990,9,150.58,,1,0.0,0
"1021-Meadow-Springs-Ln,-Anna,-TX-75409","1021 Meadow Springs Ln, Anna, TX 75409",75409,Single Family,New Construction,3,2,1800,,2026,325070,9,180.59,,1,0.0,0
"1017-Meadow-Springs-Ln,-Anna,-TX-75409","1017 Meadow Springs Ln, Anna, TX 75409",75409,Single Family,New Construction,3,2.5,2058,,2026,340738,9,165.57,,1,0.0,0
"1605-River-Crossing-Dr,-Anna,-TX-75409","1605 River Crossing Dr, Anna, TX 75409",75409,Single Family,Standard,3,2,1438,6273,2021,275000,104,191.24,0.2292,2,-8.33,1
"609-Sand-Piper-Ln,-Anna,-TX-75409","609 Sand Piper Ln, Anna, TX 75409",75409,Single Family,New Construction,3,2,1998,8712,2026,434900,105,217.67,0.2293,1,0.0,0
"2012-Pacific-Ave,-Anna,-TX-75409","2012 Pacific Ave, Anna, TX 75409",75409,Single Family,Standard,5,3,2814,7928,2022,455000,104,161.69,0.3549,2,-8.54,1
"1404-Forest-Haven-Dr,-Anna,-TX-75409","1404 Forest Haven Dr, Anna, TX 75409",75409,Single Family,Standard,4,2.5,2218,6621,2021,339900,105,153.25,0.335,2,-2.58,1
"2109-Bluebird-Ln,-Anna,-TX-75409","2109 Bluebird Ln, Anna, TX 75409",75409,Single Family,New Construction,4,2,1939,8276,2026,449900,105,232.03,0.2343,1,0.0,0
"2621-Grand-Teton-Dr,-Anna,-TX-75409","2621 Grand Teton Dr, Anna, TX 75409",75409,Single Family,New Construction,4,3.5,3100,5227,2026,424756,106,137.02,0.5931,1,0.0,0
"1516-Eagle-Meadow-Trl,-Anna,-TX-75409","1516 Eagle Meadow Trl, Anna, TX 75409",75409,Single Family,New Construction,3,2.5,1741,,,370000,9,212.52,,2,1.37,0
"3421-Longfellow-Ave,-Anna,-TX-75409","3421 Longfellow Ave, Anna, TX 75409",75409,Single Family,New Construction,4,2.5,2323,5798,2025,421709,9,181.54,0.4007,1,0.0,0
"1608-Cydney-Ln,-Anna,-TX-75409","1608 Cydney Ln, Anna, TX 75409",75409,Single Family,New Construction,5,4,3036,,,499900,9,164.66,,2,-0.11,1
"1725-David-Dr,-Anna,-TX-75409","1725 David Dr, Anna, TX 75409",75409,Single Family,New Construction,4,3,2725,,,461900,9,169.5,,1,0.0,0
"1324-Gardendale-Hollow-Ln,-Anna,-TX-75409","1324 Gardendale Hollow Ln, Anna, TX 75409",75409,Single Family,New Construction,3,2.5,2644,6708,2026,479990,8,181.54,0.3942,1,0.0,0
"3422-Hillingdon-Rd,-Anna,-TX-75409","3422 Hillingdon Rd, Anna, TX 75409",75409,Single Family,New Construction,3,2,1427,4918,2026,289990,8,203.22,0.2902,1,0.0,0
"917-Greenleaf-Ct,-Anna,-TX-75409","917 Greenleaf Ct, Anna, TX 75409",75409,Single Family,New Construction,4,3,3026,8712,2026,533434,8,176.28,0.3473,1,0.0,0
"812-Twin-Pine-Ct,-Anna,-TX-75409","812 Twin Pine Ct, Anna, TX 75409",75409,Single Family,New Construction,5,4,3485,7980,2026,595452,8,170.86,0.4367,1,0.0,0
"908-Twin-Pine-Ct,-Anna,-TX-75409","908 Twin Pine Ct, Anna, TX 75409",75409,Single Family,New Construction,5,4,3430,11600,2026,572986,8,167.05,0.2957,1,0.0,0
"801-Twin-Pine-Ct,-Anna,-TX-75409","801 Twin Pine Ct, Anna, TX 75409",75409,Single Family,New Construction,4,3,3285,7405,2026,563344,8,171.49,0.4436,1,0.0,0
"3052-Hollybrook-Ln,-Anna,-TX-75409","3052 Hollybrook Ln, Anna, TX 75409",75409,Single Family,New Construction,5,3.5,2854,,2026,439990,8,154.17,,2,-2.22,1
"1900-Amber-Gate-Dr,-Anna,-TX-75409","1900 Amber Gate Dr, Anna, TX 75409",75409,Single Family,New Construction,3,2,2150,,2026,441328,8,205.27,,1,0.0,0
"1460-Lake-Alpine-Trl,-Anna,-TX-75409","1460 Lake Alpine Trl, Anna, TX 75409",75409,Townhouse,New Construction,3,2,1502,,,258000,8,171.77,,1,0.0,0
"3049-Hollybrook-Ln,-Anna,-TX-75409","3049 Hollybrook Ln, Anna, TX 75409",75409,Single Family,New Construction,5,4,2854,5502,2026,449990,8,157.67,0.5187,1,0.0,0
"3056-Hollybrook-Ln,-Anna,-TX-75409","3056 Hollybrook Ln, Anna, TX 75409",75409,Single Family,New Construction,4,2,2605,,2026,429990,8,165.06,,1,0.0,0
"1601-Yosemite-Dr,-Anna,-TX-75409","1601 Yosemite Dr, Anna, TX 75409",75409,Single Family,New Construction,4,3,2259,6970,2026,398508,8,176.41,0.3241,1,0.0,0
"3108-Summer-Rain-Ln,-Anna,-TX-75409","3108 Summer Rain Ln, Anna, TX 75409",75409,Single Family,New Construction,4,3.5,2479,2047,2026,452900,8,182.69,1.211,3,-4.24,1
"2613-Glacier-Rd,-Anna,-TX-75409","2613 Glacier Rd, Anna, TX 75409",75409,Single Family,New Construction,4,3,2397,,2026,381580,8,159.19,,3,-7.96,2
"3433-Running-Spring-Dr,-Anna,-TX-75409","3433 Running Spring Dr, Anna, TX 75409",75409,Single Family,New Construction,5,3,2553,,2026,498740,8,195.35,,1,0.0,0
"1529-Shenandoah-Trl,-Anna,-TX-75409","1529 Shenandoah Trl, Anna, TX 75409",75409,Single Family,New Construction,4,3,2477,6970,2026,422581,8,170.6,0.3554,2,-1.74,1
"2606-Hawkins-St,-Anna,-TX-75409","2606 Hawkins St, Anna, TX 75409",75409,Single Family,New Construction,4,2,2595,,2026,378990,8,146.05,,4,-7.56,3
"2217-Amber-Gate-Dr,-Anna,-TX-75409","2217 Amber Gate Dr, Anna, TX 75409",75409,Single Family,New Construction,4,3.5,2838,8398,2026,557925,8,196.59,0.3379,2,-0.29,1
"705-Jessica-Lynn-Ln,-Anna,-TX-75409","705 Jessica Lynn Ln, Anna, TX 75409",75409,Single Family,Standard,4,3.5,2417,4792,2022,375000,111,155.15,0.5044,2,-6.25,1
"1306-N-Powell-Pkwy,-Anna,-TX-75409","1306 N Powell Pkwy, Anna, TX 75409",75409,Single Family,Standard,3,2,1274,9148,1966,299900,110,235.4,0.1393,2,0.0,0
"118-Scarlet-Vw,-Anna,-TX-75409","118 Scarlet Vw, Anna, TX 75409",75409,Single Family,Standard,3,2,1222,7841,2004,255000,113,208.67,0.1558,1,0.0,0
"2101-Bluebird-Ln,-Anna,-TX-75409","2101 Bluebird Ln, Anna, TX 75409",75409,Single Family,New Construction,3,2,1860,8581,2026,429900,114,231.13,0.2168,1,0.0,0
"2935-Wagoner-Ranch-Rd,-Anna,-TX-75409","2935 Wagoner Ranch Rd, Anna, TX 75409",75409,Single Family,New Construction,4,2,1807,4617,2026,338990,8,187.6,0.3914,2,-8.87,1
"1701-Arches-Rd,-Anna,-TX-75409","1701 Arches Rd, Anna, TX 75409",75409,Single Family,New Construction,4,2,1605,5227,2026,308761,8,192.37,0.3071,1,0.0,0
"2709-Grand-Teton-Dr,-Anna,-TX-75409","2709 Grand Teton Dr, Anna, TX 75409",75409,Single Family,New Construction,5,3,2791,,2026,405147,8,145.16,,4,-7.74,3
"209-Meadow-Lark-Ln,-Anna,-TX-75409","209 Meadow Lark Ln, Anna, TX 75409",75409,Single Family,Standard,3,2,1423,7405,2004,255000,8,179.2,0.1922,1,0.0,0
"500-Thorn-Creek-Dr,-Anna,-TX-75409","500 Thorn Creek Dr, Anna, TX 75409",75409,Single Family,New Construction,3,2,1667,6098,2025,305000,8,182.96,0.2734,2,-12.85,1
"737-Waterhouse-Lake-Dr,-Anna,-TX-75409","737 Waterhouse Lake Dr, Anna, TX 75409",75409,Single Family,New Construction,4,3.5,2705,,,403000,8,148.98,,1,0.0,0
"1152-Honeywell-Dr,-Anna,-TX-75409","1152 Honeywell Dr, Anna, TX 75409",75409,Single Family,Standard,5,3.5,2991,13939,2007,399000,8,133.4,0.2146,1,0.0,0
"1301-Park-Vista-Dr,-Anna,-TX-75409","1301 Park Vista Dr, Anna, TX 75409",75409,Single Family,Standard,4,2,2329,3049,2021,449000,8,192.79,0.7639,2,-7.42,1
"1918-Wolf-Run,-Anna,-TX-75409","1918 Wolf Run, Anna, TX 75409",75409,Single Family,Standard,4,2.5,2154,11021,2020,306000,8,142.06,0.1954,2,-5.82,1
"717-Clifton-Dr,-Anna,-TX-75409","717 Clifton Dr, Anna, TX 75409",75409,Single Family,New Construction,4,3,2370,6011,2026,449990,8,189.87,0.3943,1,0.0,0
"1606-Deerchase-Dr,-Anna,-TX-75409","1606 Deerchase Dr, Anna, TX 75409",75409,Single Family,Standard,3,2,1298,5706,2021,299995,8,231.12,0.2275,2,-2.91,1
"1700-Esra-Ln,-Anna,-TX-75409","1700 Esra Ln, Anna, TX 75409",75409,Single Family,New Construction,4,3,2668,,,439900,8,164.88,,2,-2.22,1
"901-Daisy-St,-Anna,-TX-75409","901 Daisy St, Anna, TX 75409",75409,Single Family,New Construction,5,5.5,4094,,,719900,7,175.84,,1,0.0,0
"1744-Gardendale-Hollow-Ln,-Anna,-TX-75409","1744 Gardendale Hollow Ln, Anna, TX 75409",75409,Single Family,New Construction,4,3,2059,,,369515,7,179.46,,1,0.0,0
"704-Acacia-Dr,-Anna,-TX-75409","704 Acacia Dr, Anna, TX 75409",75409,Single Family,Standard,4,2.5,2376,10890,2006,265000,114,111.53,0.2182,1,0.0,0
"120-Chalk-Rd,-Anna,-TX-75409","120 Chalk Rd, Anna, TX 75409",75409,Single Family,Standard,3,2,1260,7405,2012,285000,114,226.19,0.1702,1,0.0,0
"1608-Arches-Rd,-Anna,-TX-75409","1608 Arches Rd, Anna, TX 75409",75409,Single Family,New Construction,3,2,1551,5227,2026,305625,117,197.05,0.2967,1,0.0,0
"305-Ginger-Ave,-Anna,-TX-75409","305 Ginger Ave, Anna, TX 75409",75409,Single Family,Standard,4,2.5,2158,8538,2022,349000,117,161.72,0.2528,1,0.0,0
"1012-Crepe-Myrtle-Ln,-Anna,-TX-75409","1012 Crepe Myrtle Ln, Anna, TX 75409",75409,Single Family,Standard,4,3,2393,7275,2020,342000,118,142.92,0.3289,1,0.0,0
"129-Lamont-Rd,-Anna,-TX-75409","129 Lamont Rd, Anna, TX 75409",75409,Single Family,Standard,4,2,1656,6011,2018,294999,118,178.14,0.2755,2,-9.51,1
"510-Creekside-Dr,-Anna,-TX-75409","510 Creekside Dr, Anna, TX 75409",75409,Single Family,Standard,3,2,1267,6970,2003,259000,119,204.42,0.1818,1,0.0,0
"1144-Sheldon-Dr,-Anna,-TX-75409","1144 Sheldon Dr, Anna, TX 75409",75409,Single Family,Standard,4,2,2134,6665,2020,339990,119,159.32,0.3202,1,0.0,0
"2015-Pacific-Ave,-Anna,-TX-75409","2015 Pacific Ave, Anna, TX 75409",75409,Single Family,Standard,4,3,2992,7318,2021,414900,125,138.67,0.4089,4,-19.44,3
"13020-County-Rd,-290,-Anna,-TX-75409","13020 County Rd, 290, Anna, TX 75409",75409,Single Family,Standard,3,2,1588,209524,1984,895000,121,563.6,0.0076,2,-4.69,1
"2213-Elena-Dr,-Anna,-TX-75409","2213 Elena Dr, Anna, TX 75409",75409,Single Family,Standard,3,2,1556,5793,2022,324990,123,208.86,0.2686,1,0.0,0
"2109-Caraway-Ct,-Anna,-TX-75409","2109 Caraway Ct, Anna, TX 75409",75409,Single Family,Standard,5,2,2011,7231,2022,339000,124,168.57,0.2781,1,0.0,0
"201-Pagoda-Dr,-Anna,-TX-75409","201 Pagoda Dr, Anna, TX 75409",75409,Single Family,Standard,5,2.5,2769,6534,2006,324000,125,117.01,0.4238,2,-12.43,1
"2110-Spruce-St,-Anna,-TX-75409","2110 Spruce St, Anna, TX 75409",75409,Single Family,Standard,3,2,1686,6098,2013,264500,125,156.88,0.2765,1,0.0,0
"240-Westpark-Dr,-Anna,-TX-75409","240 Westpark Dr, Anna, TX 75409",75409,Single Family,Standard,3,2,1516,5445,2019,288900,125,190.57,0.2784,1,0.0,0
"1301-Castiglione-Ln,-Anna,-TX-75409","1301 Castiglione Ln, Anna, TX 75409",75409,Single Family,Standard,5,4,3566,10799,2024,677000,125,189.85,0.3302,1,0.0,0
"11030-Wild-Rose-Ln,-Anna,-TX-75409","11030 Wild Rose Ln, Anna, TX 75409",75409,Single Family,Standard,7,6.5,5247,482863,2003,1649990,126,314.46,0.0109,1,0.0,0
"1709-Sandalwood-Ln,-Anna,-TX-75409","1709 Sandalwood Ln, Anna, TX 75409",75409,Single Family,Standard,4,3.5,3064,9235,2017,499000,125,162.86,0.3318,1,0.0,0
"617-Purdue-Rd,-Anna,-TX-75409","617 Purdue Rd, Anna, TX 75409",75409,Single Family,Standard,4,3.5,2574,8668,2022,495000,126,192.31,0.297,1,0.0,0
"2045-Hanakoa-Falls-Dr,-Anna,-TX-75409","2045 Hanakoa Falls Dr, Anna, TX 75409",75409,Single Family,Standard,4,2.5,2696,5663,2005,309995,127,114.98,0.4761,1,0.0,0
"1602-Stonefield-Dr,-Anna,-TX-75409","1602 Stonefield Dr, Anna, TX 75409",75409,Single Family,Standard,3,2,1516,6273,2020,275000,128,181.4,0.2417,1,0.0,0
"1701-Bennett-Dr,-Anna,-TX-75409","1701 Bennett Dr, Anna, TX 75409",75409,Single Family,New Construction,5,4,3004,,,481610,7,160.32,,1,0.0,0
"1513-Kadynce-Ln,-Anna,-TX-75409","1513 Kadynce Ln, Anna, TX 75409",75409,Single Family,New Construction,5,4,3696,,,543750,7,147.12,,1,0.0,0
"2516-Yo-Ranch-Rd,-Anna,-TX-75409","2516 Yo Ranch Rd, Anna, TX 75409",75409,Single Family,New Construction,3,2,1750,,2025,294990,7,168.57,,2,-10.06,1
"2605-Spade-St,-Anna,-TX-75409","2605 Spade St, Anna, TX 75409",75409,Single Family,New Construction,3,2,2331,,2025,359990,7,154.44,,4,-7.46,2
"1804-Willowhurst-Ln,-Anna,-TX-75409","1804 Willowhurst Ln, Anna, TX 75409",75409,Single Family,New Construction,3,2,1546,6000,2026,349990,7,226.38,0.2577,4,-18.17,3
"1400-Sandpebble-Cir,-Anna,-TX-75409","1400 Sandpebble Cir, Anna, TX 75409",75409,Single Family,New Construction,4,2,2083,,,376999,7,180.99,,1,0.0,0
"2637-Glacier-Rd,-Anna,-TX-75409","2637 Glacier Rd, Anna, TX 75409",75409,Single Family,New Construction,5,3,2931,,2026,429630,7,146.58,,2,-5.08,1
"117-Hurstwood-Ct,-Anna,-TX-75409","117 Hurstwood Ct, Anna, TX 75409",75409,Single Family,Standard,4,3.5,3434,7362,2014,520000,7,151.43,0.4664,1,0.0,0
"1517-Xavier-St,-Anna,-TX-75409","1517 Xavier St, Anna, TX 75409",75409,Single Family,New Construction,4,2,1859,,,349900,7,188.22,,1,0.0,0
"1125-Indianola-Trl,-Anna,-TX-75409","1125 Indianola Trl, Anna, TX 75409",75409,Single Family,Standard,4,3,2186,7623,2023,384900,7,176.08,0.2868,1,0.0,0
"2005-Amber-Gate-Dr,-Anna,-TX-75409","2005 Amber Gate Dr, Anna, TX 75409",75409,Single Family,New Construction,3,2.5,2527,7802,2025,489417,6,193.68,0.3239,2,-2.0,1
"1620-Cydney-Ln,-Anna,-TX-75409","1620 Cydney Ln, Anna, TX 75409",75409,Single Family,New Construction,5,4,2807,7405,2026,450180,6,160.38,0.3791,1,0.0,0
"3729-Pitchfork-Ter,-Anna,-TX-75409","3729 Pitchfork Ter, Anna, TX 75409",75409,Single Family,New Construction,5,3,2168,7623,2026,394990,6,182.19,0.2844,1,0.0,0
"3426-Hillingdon-Rd,-Anna,-TX-75409","3426 Hillingdon Rd, Anna, TX 75409",75409,Single Family,New Construction,4,2,2873,5040,2025,442596,6,154.05,0.57,2,13.49,0
"1129-Blue-Spring-Dr,-Anna,-TX-75409","1129 Blue Spring Dr, Anna, TX 75409",75409,Single Family,New Construction,5,4,2960,5663,2026,406999,6,137.5,0.5227,2,-1.21,1
"817-Meadow-Spring-Ln,-Anna,-TX-75409","817 Meadow Spring Ln, Anna, TX 75409",75409,Single Family,New Construction,4,3.5,2510,,2025,464631,6,185.11,,1,0.0,0
"1105-Mapleton-Dr,-Anna,-TX-75409","1105 Mapleton Dr, Anna, TX 75409",75409,Single Family,Standard,4,2,2143,6665,2021,375000,131,174.99,0.3215,1,0.0,0
"817-Amy-Blvd,-Anna,-TX-75409","817 Amy Blvd, Anna, TX 75409",75409,Single Family,Standard,4,3,2983,6621,2021,399900,131,134.06,0.4505,2,-14.91,1
"3115-Elam-Dr,-Anna,-TX-75409","3115 Elam Dr, Anna, TX 75409",75409,Single Family,Standard,4,2,1656,6490,2018,284900,131,172.04,0.2552,1,0.0,0
"2353-Stefani-St,-Anna,-TX-75409","2353 Stefani St, Anna, TX 75409",75409,Single Family,Standard,5,2.5,2599,12937,2019,379999,133,146.21,0.2009,1,0.0,0
"1216-Tree-Shadow-Ln,-Anna,-TX-75409","1216 Tree Shadow Ln, Anna, TX 75409",75409,Single Family,Standard,4,2.5,3034,8059,2022,499000,137,164.47,0.3765,1,0.0,0
"200-Copper-Switch-Dr,-Anna,-TX-75409","200 Copper Switch Dr, Anna, TX 75409",75409,Single Family,Standard,4,2.5,2303,6617,2020,344000,139,149.37,0.348,1,0.0,0
"8525-Forest-Creek-Ln,-Anna,-TX-75409","8525 Forest Creek Ln, Anna, TX 75409",75409,Single Family,Standard,4,2.5,2448,46827,2018,629000,139,256.94,0.0523,1,0.0,0
"2116-Rosemary-Way,-Anna,-TX-75409","2116 Rosemary Way, Anna, TX 75409",75409,Single Family,Standard,5,2,2011,7971,2022,329900,139,164.05,0.2523,2,-6.81,1
"1314-Elizabeth-St,-Anna,-TX-75409","1314 Elizabeth St, Anna, TX 75409",75409,Single Family,Standard,4,2,2201,5968,2021,349000,139,158.56,0.3688,1,0.0,0
"400-Fast-Ln,-Unit-9,-Anna,-TX-75409","400 Fast Ln, Unit 9, Anna, TX 75409",75409,Condo,Standard,1,1,1800,,2023,695000,140,386.11,,1,0.0,0
"1215-Chapel-Hill-Dr,-Anna,-TX-75409","1215 Chapel Hill Dr, Anna, TX 75409",75409,Single Family,Standard,4,2,2000,6795,2020,325000,145,162.5,0.2943,3,-6.88,2
"512-N-Sherley-Ave,-Anna,-TX-75409","512 N Sherley Ave, Anna, TX 75409",75409,Single Family,Standard,3,2,1420,29185,1971,215000,147,151.41,0.0487,1,0.0,0
"3137-Bent-Creek-Dr,-Anna,-TX-75409","3137 Bent Creek Dr, Anna, TX 75409",75409,Single Family,Standard,3,2,2041,8625,2021,325000,148,159.24,0.2366,1,0.0,0
"2105-Rougle-Ct,-Anna,-TX-75409","2105 Rougle Ct, Anna, TX 75409",75409,Single Family,Standard,5,2.5,2800,6970,2022,350000,147,125.0,0.4017,1,0.0,0
"2012-Crockett-Way,-Anna,-TX-75409","2012 Crockett Way, Anna, TX 75409",75409,Single Family,New Construction,3,2,1352,,,283990,6,210.05,,1,0.0,0
"121-Woodland-St,-Anna,-TX-75409","121 Woodland St, Anna, TX 75409",75409,Single Family,Standard,4,2,1810,7187,2019,335000,6,185.08,0.2518,1,0.0,0
"1601-Shenandoah-Trl,-Anna,-TX-75409","1601 Shenandoah Trl, Anna, TX 75409",75409,Single Family,New Construction,3,2,1947,7187,2026,379990,6,195.17,0.2709,1,0.0,0
"3317-Cross-Shore-Dr,-Anna,-TX-75409","3317 Cross Shore Dr, Anna, TX 75409",75409,Single Family,Standard,5,3.5,3474,5750,2023,657000,6,189.12,0.6042,2,7.71,0
"15166-FM-3133,-Anna,-TX-75409","15166 FM 3133, Anna, TX 75409",75409,Single Family,Standard,3,2,2012,217800,2002,679000,6,337.48,0.0092,1,0.0,0
"2413-Independence-Dr,-Anna,-TX-75409","2413 Independence Dr, Anna, TX 75409",75409,Single Family,New Construction,4,5.5,3947,44997,2026,1179900,6,298.94,0.0877,4,293.3,1
"1721-David-Dr,-Anna,-TX-75409","1721 David Dr, Anna, TX 75409",75409,Single Family,New Construction,4,3,2668,,,454900,6,170.5,,2,-1.09,1
"1508-Xavier-St,-Anna,-TX-75409","1508 Xavier St, Anna, TX 75409",75409,Single Family,New Construction,4,3,2013,,,399900,6,198.66,,1,0.0,0
"917-Crepe-Myrtle-Ln,-Anna,-TX-75409","917 Crepe Myrtle Ln, Anna, TX 75409",75409,Single Family,Standard,3,2,1718,11326,2022,345000,6,200.81,0.1517,1,0.0,0
"400-Cowboy-Way,-Anna,-TX-75409","400 Cowboy Way, Anna, TX 75409",75409,Single Family,Standard,3,2,1629,6360,2020,285000,6,174.95,0.2561,1,0.0,0
"1500-Elizabeth-St,-Anna,-TX-75409","1500 Elizabeth St, Anna, TX 75409",75409,Single Family,Standard,4,2,1643,7187,2021,315000,6,191.72,0.2286,3,-1.53,2
"909-Firewood-Way,-Anna,-TX-75409","909 Firewood Way, Anna, TX 75409",75409,Single Family,New Construction,4,2,2034,7405,2026,484447,5,238.17,0.2747,1,0.0,0
"2813-Spring-Valley-Way,-Anna,-TX-75409","2813 Spring Valley Way, Anna, TX 75409",75409,Single Family,New Construction,4,3.5,3436,8751,2025,599990,5,174.62,0.3926,2,-3.23,1
"2518-Hawkins-St,-Anna,-TX-75409","2518 Hawkins St, Anna, TX 75409",75409,Single Family,New Construction,4,3.5,3083,6299,2026,389990,5,126.5,0.4894,1,0.0,0
"901-Twin-Pine-Ct,-Anna,-TX-75409","901 Twin Pine Ct, Anna, TX 75409",75409,Single Family,New Construction,5,4.5,3774,7601,2026,609615,5,161.53,0.4965,1,0.0,0
"804-Twin-Pine-Ct,-Anna,-TX-75409","804 Twin Pine Ct, Anna, TX 75409",75409,Single Family,New Construction,5,4,3695,8102,2026,627605,5,169.85,0.4561,1,0.0,0
"800-Twin-Pine-Ct,-Anna,-TX-75409","800 Twin Pine Ct, Anna, TX 75409",75409,Single Family,New Construction,5,4,3558,7802,2026,612812,5,172.23,0.456,1,0.0,0
"1612-Arches-Rd,-Anna,-TX-75409","1612 Arches Rd, Anna, TX 75409",75409,Single Family,New Construction,4,2.5,2055,5227,2026,334318,5,162.69,0.3932,1,0.0,0
"221-Thorn-Creek-Dr,-Anna,-TX-75409","221 Thorn Creek Dr, Anna, TX 75409",75409,Single Family,New Construction,3,2,1668,5998,2026,324990,152,194.84,0.2781,1,0.0,0
"525-Liliana-Ln,-Anna,-TX-75409","525 Liliana Ln, Anna, TX 75409",75409,Single Family,Standard,4,3.5,2519,5271,2022,345000,160,136.96,0.4779,2,-22.47,1
"2216-Deya-Dr,-Anna,-TX-75409","2216 Deya Dr, Anna, TX 75409",75409,Single Family,Standard,3,2,1556,5097,2023,269900,155,173.46,0.3053,1,0.0,0
"908-Hurricane-Creek-Cir,-Anna,-TX-75409","908 Hurricane Creek Cir, Anna, TX 75409",75409,Single Family,Standard,4,3,2461,210308,1982,999000,156,405.93,0.0117,1,0.0,0
"2020-Robert-St,-Anna,-TX-75409","2020 Robert St, Anna, TX 75409",75409,Single Family,Standard,4,2,1942,6011,2021,330000,155,169.93,0.3231,2,-10.33,1
"1812-Willowhurst-Ln,-Anna,-TX-75409","1812 Willowhurst Ln, Anna, TX 75409",75409,Single Family,New Construction,4,2,1769,5998,2026,399990,159,226.11,0.2949,1,0.0,0
"800-Alder-Dr,-Anna,-TX-75409","800 Alder Dr, Anna, TX 75409",75409,Single Family,Standard,3,2,1629,6098,2004,299999,158,184.16,0.2671,1,0.0,0
"1813-Willowhurst-Ln,-Anna,-TX-75409","1813 Willowhurst Ln, Anna, TX 75409",75409,Single Family,New Construction,3,2,1574,5998,2026,374990,162,238.24,0.2624,1,0.0,0
"125-Curt-St,-Anna,-TX-75409","125 Curt St, Anna, TX 75409",75409,Single Family,Standard,3,2.5,2047,6011,2017,370000,167,180.75,0.3405,1,0.0,0
"2704-Melanie-Dr,-Anna,-TX-75409","2704 Melanie Dr, Anna, TX 75409",75409,Single Family,Standard,3,2,1601,6970,2004,280000,168,174.89,0.2297,1,0.0,0
"608-Sand-Piper-Ln,-Anna,-TX-75409","608 Sand Piper Ln, Anna, TX 75409",75409,Single Family,New Construction,3,2,1860,7841,2026,399900,170,215.0,0.2372,1,0.0,0
"601-Sand-Piper-Ln,-Anna,-TX-75409","601 Sand Piper Ln, Anna, TX 75409",75409,Single Family,New Construction,4,3.5,2891,10019,2026,519900,170,179.83,0.2886,1,0.0,0
"604-Sand-Piper-Ln,-Anna,-TX-75409","604 Sand Piper Ln, Anna, TX 75409",75409,Single Family,New Construction,3,2,1998,8276,2026,439900,170,220.17,0.2414,1,0.0,0
"308-Winding-Creek-Ln,-Anna,-TX-75409","308 Winding Creek Ln, Anna, TX 75409",75409,Single Family,Standard,6,3.5,4303,9801,2022,615000,174,142.92,0.439,1,0.0,0
"1116-Elijah-Dr,-Anna,-TX-75409","1116 Elijah Dr, Anna, TX 75409",75409,Single Family,Standard,3,2,1871,6011,2023,319900,173,170.98,0.3113,2,-15.82,1
"605-Florence-Way,-Anna,-TX-75409","605 Florence Way, Anna, TX 75409",75409,Single Family,Standard,4,3.5,2519,5663,2023,374000,174,148.47,0.4448,1,0.0,0
"832-Jackel-Dr,-Anna,-TX-75409","832 Jackel Dr, Anna, TX 75409",75409,Single Family,Standard,4,2,1811,7231,2023,299900,175,165.6,0.2504,1,0.0,0
"2715-Weston-Way,-Anna,-TX-75409","2715 Weston Way, Anna, TX 75409",75409,Single Family,New Construction,4,,2600,,,344990,5,132.69,,18,-11.54,10
"1404-Sandpebble-Cir,-Anna,-TX-75409","1404 Sandpebble Cir, Anna, TX 75409",75409,Single Family,New Construction,4,2,2083,,,375999,5,180.51,,1,0.0,0
"3708-Pitchfork-Ter,-Anna,-TX-75409","3708 Pitchfork Ter, Anna, TX 75409",75409,Single Family,New Construction,4,2,2016,6752,2025,359990,5,178.57,0.2986,3,-6.49,2
"2313-Crockett-Way,-Anna,-TX-75409","2313 Crockett Way, Anna, TX 75409",75409,Single Family,New Construction,4,3.5,2448,,,357990,5,146.24,,1,0.0,0
"1109-Meadow-Springs-Ln,-Anna,-TX-75409","1109 Meadow Springs Ln, Anna, TX 75409",75409,Single Family,New Construction,3,2,1658,,2026,317925,5,191.75,,1,0.0,0
"3695-Desperado-Way,-Anna,-TX-75409","3695 Desperado Way, Anna, TX 75409",75409,Single Family,New Construction,3,2,1500,,,299999,5,200.0,,1,0.0,0
"741-Waterhouse-Lake-Dr,-Anna,-TX-75409","741 Waterhouse Lake Dr, Anna, TX 75409",75409,Single Family,New Construction,4,2,1980,,,371600,5,187.68,,1,0.0,0
"761-Waterhouse-Lake-Dr,-Anna,-TX-75409","761 Waterhouse Lake Dr, Anna, TX 75409",75409,Single Family,New Construction,4,3.5,2705,,,403000,5,148.98,,1,0.0,0
"3009-Earl-Rd,-Anna,-TX-75409","3009 Earl Rd, Anna, TX 75409",75409,Single Family,Standard,5,2.5,2700,2627,2019,335500,178,124.26,1.0278,1,0.0,0
"1413-Sandpebble-Dr,-Anna,-TX-75409","1413 Sandpebble Dr, Anna, TX 75409",75409,Single Family,Standard,3,2,1972,5663,2024,335000,179,169.88,0.3482,2,-4.83,1
"800-Mahogany-Dr,-Anna,-TX-75409","800 Mahogany Dr, Anna, TX 75409",75409,Single Family,Standard,4,2,1899,6098,2006,304999,180,160.61,0.3114,1,0.0,0
"10917-County-Rd,-290,-Anna,-TX-75409","10917 County Rd, 290, Anna, TX 75409",75409,Single Family,Standard,4,2.5,2431,390907,1999,1275000,180,524.48,0.0062,1,0.0,0
"2407-Maston-Dr,-Anna,-TX-75409","2407 Maston Dr, Anna, TX 75409",75409,Single Family,Standard,3,2,2473,8015,2017,399900,184,161.71,0.3085,3,-15.81,2
"1801-Black-Maple-Dr,-Anna,-TX-75409","1801 Black Maple Dr, Anna, TX 75409",75409,Single Family,Standard,4,2,1898,6098,2007,349999,189,184.4,0.3112,2,0.0,0
"1417-Cottonwood-Trl,-Anna,-TX-75409","1417 Cottonwood Trl, Anna, TX 75409",75409,Single Family,Standard,4,2.5,2077,7405,2012,285000,189,137.22,0.2805,1,0.0,0
"1306-Elizabeth-St,-Anna,-TX-75409","1306 Elizabeth St, Anna, TX 75409",75409,Single Family,Standard,4,2.5,2781,6055,2017,404900,201,145.6,0.4593,1,0.0,0
"103-Charleston-Dr,-Anna,-TX-75409","103 Charleston Dr, Anna, TX 75409",75409,Single Family,Standard,3,2,1222,7405,2003,285000,207,233.22,0.165,1,0.0,0
"3233-Bowen-St,-Anna,-TX-75409","3233 Bowen St, Anna, TX 75409",75409,Single Family,Standard,4,2.5,2187,6011,2021,329000,5,150.43,0.3638,1,0.0,0
"3012-Still-Creek-Ln,-Anna,-TX-75409","3012 Still Creek Ln, Anna, TX 75409",75409,Single Family,Standard,3,2.5,1965,2614,2024,299500,5,152.42,0.7517,1,0.0,0
"2009-Amber-Gate-Dr,-Anna,-TX-75409","2009 Amber Gate Dr, Anna, TX 75409",75409,Single Family,New Construction,4,3,2759,7200,2025,489423,4,177.39,0.3832,1,0.0,0
"2621-Glacier-Rd,-Anna,-TX-75409","2621 Glacier Rd, Anna, TX 75409",75409,Single Family,New Construction,4,2,1962,,2026,350400,4,178.59,,1,0.0,0
"1429-Lake-Alpine-Trl,-Anna,-TX-75409","1429 Lake Alpine Trl, Anna, TX 75409",75409,Townhouse,New Construction,3,2,1795,,,269990,4,150.41,,1,0.0,0
"3414-Hillingdon-Rd,-Anna,-TX-75409","3414 Hillingdon Rd, Anna, TX 75409",75409,Single Family,New Construction,4,2,2595,,2026,389990,4,150.29,,2,-2.5,1
"2641-Glacier-Rd,-Anna,-TX-75409","2641 Glacier Rd, Anna, TX 75409",75409,Single Family,New Construction,5,3,2592,,2026,415360,4,160.25,,2,-5.25,1
"2105-Crockett-Way,-Anna,-TX-75409","2105 Crockett Way, Anna, TX 75409",75409,Single Family,New Construction,3,2.5,1841,9148,2026,307830,4,167.21,0.2012,2,0.93,0
"2124-Crockett-Way,-Anna,-TX-75409","2124 Crockett Way, Anna, TX 75409",75409,Single Family,New Construction,3,2.5,2223,7667,2026,331990,4,149.34,0.2899,1,0.0,0
"3208-Hidden-Valley-Dr,-Anna,-TX-75409","3208 Hidden Valley Dr, Anna, TX 75409",75409,Single Family,New Construction,4,3,2122,,2026,559950,4,263.88,,2,0.0,0
"1021-Acacia-Dr,-Anna,-TX-75409","1021 Acacia Dr, Anna, TX 75409",75409,Single Family,Standard,4,3,2085,8276,2016,365000,4,175.06,0.2519,1,0.0,0
"1520-Eagle-Meadow-Trl,-Anna,-TX-75409","1520 Eagle Meadow Trl, Anna, TX 75409",75409,Single Family,New Construction,4,3,2445,,,403900,4,165.19,,1,0.0,0
"2401-Parkview-Dr,-Anna,-TX-75409","2401 Parkview Dr, Anna, TX 75409",75409,Single Family,Standard,3,2,1462,6970,2006,265000,4,181.26,0.2098,1,0.0,0
"1905-Burl-Ln,-Anna,-TX-75409","1905 Burl Ln, Anna, TX 75409",75409,Single Family,Standard,4,3,2552,6098,2014,400000,4,156.74,0.4185,1,0.0,0
"1521-Xavier-St,-Anna,-TX-75409","1521 Xavier St, Anna, TX 75409",75409,Single Family,New Construction,5,4,3036,,,474900,4,156.42,,3,-4.92,1
"609-Clover-Ln,-Anna,-TX-75409","609 Clover Ln, Anna, TX 75409",75409,Single Family,New Construction,5,5.5,4569,,2025,870338,3,190.49,,3,-0.45,1
