id,formattedAddress,zipCode,propertyType,listingType,bedrooms,bathrooms,squareFootage,lotSize,yearBuilt,price,daysOnMarket,pricePerSqft,lotRatio,priceEventCount,totalPriceChangePct,priceCuts,age,logLot,predictedPrice,residual,residualPct
"2510-Ave-K,-Lubbock,-TX-79411","2510 Ave K, Lubbock, TX 79411",79411,Single Family,Standard,2,1.0,1016,5227,1943,22000,90,21.65,0.1944,2,0.0,0,83,8.561592778712923,75367.0,53367.0,70.8
"607-Inler-Ave,-Lubbock,-TX-79416","607 Inler Ave, Lubbock, TX 79416",79416,Single Family,Standard,2,1.0,1054,13939,1955,30000,131,28.46,0.0756,1,0.0,0,71,9.542445945729886,102444.0,72444.0,70.7
"1503-27th-St,-Lubbock,-TX-79411","1503 27th St, Lubbock, TX 79411",79411,Single Family,Standard,3,2.0,872,6534,1947,30000,121,34.4,0.1335,1,0.0,0,79,8.784774592161016,70578.0,40578.0,57.5
"2009-46th-St,-Lubbock,-TX-79412","2009 46th St, Lubbock, TX 79412",79412,Single Family,Standard,4,2.0,2662,10019,1952,129000,138,48.46,0.2657,1,0.0,0,74,9.212238569259263,266399.0,137399.0,51.6
"1921-Parkway-Dr,-Lubbock,-TX-79403","1921 Parkway Dr, Lubbock, TX 79403",79403,Single Family,Standard,3,2.0,1215,6970,1959,45000,92,37.04,0.1743,1,0.0,0,67,8.84937050375457,91503.0,46503.0,50.8
"2812-Emory-St,-Lubbock,-TX-79415","2812 Emory St, Lubbock, TX 79415",79415,Single Family,Standard,2,1.0,720,6970,1943,35000,339,48.61,0.1033,1,0.0,0,83,8.84937050375457,70389.0,35389.0,50.3
"6903-Gary-Ave,-Lubbock,-TX-79413","6903 Gary Ave, Lubbock, TX 79413",79413,Single Family,Standard,5,3.0,3328,8712,1990,315000,166,94.65,0.382,1,0.0,0,36,9.072456664612796,591697.0,276697.0,46.8
"3517-30th-St,-Lubbock,-TX-79410","3517 30th St, Lubbock, TX 79410",79410,Single Family,Standard,3,2.0,1824,7841,1990,173000,291,94.85,0.2326,1,0.0,0,36,8.967121656230923,322875.0,149875.0,46.4
"605-Inler-Ave,-Lubbock,-TX-79416","605 Inler Ave, Lubbock, TX 79416",79416,Single Family,Standard,3,1.0,1226,13939,1955,65000,131,53.02,0.088,1,0.0,0,71,9.542445945729886,114445.0,49445.0,43.2
"6112-Ave-Q,-Lubbock,-TX-79412","6112 Ave Q, Lubbock, TX 79412",79412,Single Family,Standard,2,2.0,1319,7841,1952,70000,90,53.07,0.1682,2,-22.22,1,74,8.967121656230923,112171.0,42171.0,37.6
"2814-County-Rd,-7650,-Lubbock,-TX-79423","2814 County Rd, 7650, Lubbock, TX 79423",79423,Single Family,Standard,4,1.0,1739,43560,2015,160000,150,92.01,0.0399,2,14.29,0,11,10.681894577046897,254416.0,94416.0,37.1
"2707-92nd-St,-Lubbock,-TX-79423","2707 92nd St, Lubbock, TX 79423",79423,Single Family,Standard,4,2.0,1955,10019,1973,139000,89,71.1,0.1951,1,0.0,0,53,9.212238569259263,220003.0,81003.0,36.8
"5106-97th-St,-Lubbock,-TX-79424","5106 97th St, Lubbock, TX 79424",79424,Single Family,Standard,4,3.5,3729,10890,1996,519900,231,139.42,0.3424,1,0.0,0,30,9.295600215927006,819082.0,299182.0,36.5
"2119-26th-St,-Lubbock,-TX-79411","2119 26th St, Lubbock, TX 79411",79411,Single Family,Standard,3,1.0,1032,6970,1929,45000,202,43.6,0.1481,2,-30.77,1,97,8.84937050375457,69259.0,24259.0,35.0
"5608-46th-St,-Lubbock,-TX-79414","5608 46th St, Lubbock, TX 79414",79414,Single Family,Standard,3,1.0,1000,6970,1971,75000,108,75.0,0.1435,1,0.0,0,55,8.84937050375457,109423.0,34423.0,31.5
"7707-Lasalle-Ave,-Lubbock,-TX-79424","7707 Lasalle Ave, Lubbock, TX 79424",79424,Single Family,Standard,4,3.0,3889,18295,2009,699000,137,179.74,0.2126,1,0.0,0,17,9.814383077453307,991558.0,292558.0,29.5
"1804-E-1st-Pl,-Lubbock,-TX-79403","1804 E 1st Pl, Lubbock, TX 79403",79403,Single Family,Standard,2,1.0,936,6534,1960,55000,149,58.76,0.1433,1,0.0,0,66,8.784774592161016,76973.0,21973.0,28.5
"3802-32nd-St,-Lubbock,-TX-79410","3802 32nd St, Lubbock, TX 79410",79410,Single Family,Standard,2,1.0,908,7950,1951,99999,159,110.13,0.1142,1,0.0,0,75,8.980927207648378,137439.0,37440.0,27.2
"5019-27th-St,-Lubbock,-TX-79407","5019 27th St, Lubbock, TX 79407",79407,Townhouse,Standard,3,2.0,1979,3049,1976,165000,123,83.38,0.6491,1,0.0,0,50,8.022568946988255,226174.0,61174.0,27.0
"706-29th-St,-Lubbock,-TX-79404","706 29th St, Lubbock, TX 79404",79404,Single Family,Standard,3,1.0,1164,6098,1939,59000,90,50.69,0.1909,2,0.0,0,87,8.7157161275482,80451.0,21451.0,26.7
"2819-Colgate-St,-Lubbock,-TX-79415","2819 Colgate St, Lubbock, TX 79415",79415,Single Family,Standard,2,1.0,1050,6534,1932,60000,98,57.14,0.1607,1,0.0,0,94,8.784774592161016,80808.0,20808.0,25.7
"3419-97th-St,-Lubbock,-TX-79423","3419 97th St, Lubbock, TX 79423",79423,Townhouse,Standard,2,2.0,1602,3920,2003,159900,109,99.81,0.4087,2,-11.17,1,23,8.273846932784508,214748.0,54848.0,25.5
"5028-Itasca-St,-Lubbock,-TX-79416","5028 Itasca St, Lubbock, TX 79416",79416,Single Family,Standard,4,3.5,2526,8276,2007,280000,287,110.85,0.3052,2,-3.45,1,19,9.021115038865434,375983.0,95983.0,25.5
"3423-97th-St,-Lubbock,-TX-79423","3423 97th St, Lubbock, TX 79423",79423,Townhouse,Standard,2,2.0,1602,3920,2003,159900,109,99.81,0.4087,2,-11.17,1,23,8.273846932784508,214748.0,54848.0,25.5
"521-46th-St,-Lubbock,-TX-79404","521 46th St, Lubbock, TX 79404",79404,Single Family,Standard,3,1.0,808,6534,1970,59000,189,73.02,0.1237,2,0.0,0,56,8.784774592161016,78910.0,19910.0,25.2
"4725-48th-St,-Lubbock,-TX-79414","4725 48th St, Lubbock, TX 79414",79414,Townhouse,Standard,2,2.5,1636,2178,1976,128000,135,78.24,0.7511,1,0.0,0,50,7.686162303492906,170494.0,42494.0,24.9
"6314-32nd-St,-Lubbock,-TX-79407","6314 32nd St, Lubbock, TX 79407",79407,Single Family,Standard,3,2.0,1919,7405,1994,185000,101,96.4,0.2591,1,0.0,0,32,8.909910726701899,245812.0,60812.0,24.7
"1117-31st-St,-Lubbock,-TX-79411","1117 31st St, Lubbock, TX 79411",79411,Single Family,Standard,2,1.0,884,6534,1939,51000,123,57.69,0.1353,1,0.0,0,87,8.784774592161016,67374.0,16374.0,24.3
"9807-Virginia-Ave,-Lubbock,-TX-79424","9807 Virginia Ave, Lubbock, TX 79424",79424,Single Family,Standard,4,3.0,2660,8276,2021,370000,100,139.1,0.3214,4,-5.13,3,5,9.021115038865434,487359.0,117359.0,24.1
"2605-E-19th-St,-Lubbock,-TX-79403","2605 E 19th St, Lubbock, TX 79403",79403,Single Family,Standard,2,2.0,1280,8625,1990,89999,159,70.31,0.1484,1,0.0,0,36,9.062420241899561,117706.0,27707.0,23.5
"3807-68th-St,-Lubbock,-TX-79413","3807 68th St, Lubbock, TX 79413",79413,Single Family,Standard,3,2.5,2852,12197,1968,290000,136,101.68,0.2338,1,0.0,0,58,9.40894529884324,375188.0,85188.0,22.7
"4409-27th-St,-Lubbock,-TX-79410","4409 27th St, Lubbock, TX 79410",79410,Single Family,Standard,3,2.0,1460,8712,1962,164000,136,112.33,0.1676,1,0.0,0,64,9.072456664612796,211282.0,47282.0,22.4
"2403-Fir-Ave,-Lubbock,-TX-79404","2403 Fir Ave, Lubbock, TX 79404",79404,Single Family,Standard,2,1.0,1024,6970,1958,65000,174,63.48,0.1469,1,0.0,0,68,8.84937050375457,83610.0,18610.0,22.3
"2718-E-10th-St,-Lubbock,-TX-79403","2718 E 10th St, Lubbock, TX 79403",79403,Single Family,Standard,3,1.0,888,6534,1961,59000,133,66.44,0.1359,2,-16.9,1,65,8.784774592161016,75137.0,16137.0,21.5
"2624-Tiffin-Ave,-Lubbock,-TX-79407","2624 Tiffin Ave, Lubbock, TX 79407",79407,Single Family,Standard,3,2.0,1455,5097,2023,175000,242,120.27,0.2855,1,0.0,0,3,8.536407410340042,221879.0,46879.0,21.1
"504-81st-St,-Lubbock,-TX-79404","504 81st St, Lubbock, TX 79404",79404,Single Family,Standard,2,1.0,878,9148,1954,59000,139,67.2,0.096,2,-20.81,1,72,9.121290555142672,74072.0,15072.0,20.3
"1513-41st-St,-Lubbock,-TX-79412","1513 41st St, Lubbock, TX 79412",79412,Single Family,Standard,3,1.0,942,7841,1951,69900,103,74.2,0.1201,1,0.0,0,75,8.967121656230923,87395.0,17495.0,20.0
"7613-60th-St,-Lubbock,-TX-79407","7613 60th St, Lubbock, TX 79407",79407,Single Family,Standard,4,2.0,2199,6534,2022,285000,126,129.6,0.3365,1,0.0,0,4,8.784774592161016,355860.0,70860.0,19.9
"806-Vanda-Ave,-Lubbock,-TX-79403","806 Vanda Ave, Lubbock, TX 79403",79403,Single Family,Standard,3,1.0,832,6534,1963,59000,115,70.91,0.1273,1,0.0,0,63,8.784774592161016,73464.0,14464.0,19.7
"3118-113th-St,-Lubbock,-TX-79423","3118 113th St, Lubbock, TX 79423",79423,Townhouse,Standard,3,2.0,1602,3920,2014,186000,200,116.1,0.4087,1,0.0,0,12,8.273846932784508,231357.0,45357.0,19.6
"10306-Vicksburg-Ave,-Lubbock,-TX-79424","10306 Vicksburg Ave, Lubbock, TX 79424",79424,Single Family,Standard,3,2.0,2395,6534,2004,295900,104,123.55,0.3665,1,0.0,0,22,8.784774592161016,366205.0,70305.0,19.2
"6533-86th-St,-Lubbock,-TX-79424","6533 86th St, Lubbock, TX 79424",79424,Single Family,Standard,3,2.0,1904,5663,2003,215000,164,112.92,0.3362,2,-6.52,1,23,8.641709066113805,265121.0,50121.0,18.9
"6703-90th-St,-Lubbock,-TX-79424","6703 90th St, Lubbock, TX 79424",79424,Single Family,Standard,4,2.0,2521,7405,2005,324950,88,128.9,0.3404,1,0.0,0,21,8.909910726701899,399861.0,74911.0,18.7
"6715-91st-Pl,-Lubbock,-TX-79424","6715 91st Pl, Lubbock, TX 79424",79424,Single Family,Standard,4,2.0,2161,6534,2006,260000,91,120.31,0.3307,1,0.0,0,20,8.784774592161016,319267.0,59267.0,18.6
"5001-County-Rd,-1425,-Lubbock,-TX-79407","5001 County Rd, 1425, Lubbock, TX 79407",79407,Single Family,Standard,4,3.5,3497,21780,2015,640000,102,183.01,0.1606,1,0.0,0,11,9.988747396486952,782987.0,142987.0,18.3
"1012-David-Ave,-Lubbock,-TX-79403","1012 David Ave, Lubbock, TX 79403",79403,Single Family,Standard,3,2.0,1172,7405,2020,110000,291,93.86,0.1583,2,-6.78,1,6,8.909910726701899,134533.0,24533.0,18.2
"2309-101st-St,-Lubbock,-TX-79423","2309 101st St, Lubbock, TX 79423",79423,Single Family,Standard,4,2.0,2340,6970,2009,294500,177,125.85,0.3357,2,-9.38,1,17,8.84937050375457,359752.0,65252.0,18.1
"3421-E-Bates-St,-Lubbock,-TX-79403","3421 E Bates St, Lubbock, TX 79403",79403,Single Family,Standard,3,2.5,1156,7841,2021,110000,196,95.16,0.1474,2,-4.35,1,5,8.967121656230923,134059.0,24059.0,17.9
"10119-Valencia-Ave,-Lubbock,-TX-79424","10119 Valencia Ave, Lubbock, TX 79424",79424,Single Family,Standard,4,2.0,2079,6534,2016,267500,110,128.67,0.3182,1,0.0,0,10,8.784774592161016,324064.0,56564.0,17.5
"6918-20th-St,-Lubbock,-TX-79407","6918 20th St, Lubbock, TX 79407",79407,Townhouse,Standard,3,2.0,1551,3920,2019,189900,94,122.44,0.3957,1,0.0,0,7,8.273846932784508,229722.0,39822.0,17.3
"2530-137th-St,-Lubbock,-TX-79423","2530 137th St, Lubbock, TX 79423",79423,Townhouse,Standard,3,2.5,1724,3049,2022,219000,110,127.03,0.5654,1,0.0,0,4,8.022568946988255,264203.0,45203.0,17.1
"5618-E-County-Rd,-6560,-Lubbock,-TX-79403","5618 E County Rd, 6560, Lubbock, TX 79403",79403,Single Family,Standard,2,2.0,1260,74488,1979,89999,163,71.43,0.0169,1,0.0,0,47,11.218393317568365,107858.0,17859.0,16.6
"2202-58th-St,-Lubbock,-TX-79412","2202 58th St, Lubbock, TX 79412",79412,Single Family,Standard,5,3.0,2593,7841,1960,225000,111,86.77,0.3307,1,0.0,0,66,8.967121656230923,269006.0,44006.0,16.4
"5408-8th-Pl,-Lubbock,-TX-79416","5408 8th Pl, Lubbock, TX 79416",79416,Single Family,Standard,4,2.0,2429,13939,1960,215000,141,88.51,0.1743,1,0.0,0,66,9.542445945729886,256918.0,41918.0,16.3
"7808-97th-St,-Lubbock,-TX-79424","7808 97th St, Lubbock, TX 79424",79424,Single Family,Short Sale,4,2.0,1772,5663,2022,232000,156,130.93,0.3129,1,0.0,0,4,8.641709066113805,276954.0,44954.0,16.2
"9203-Grover-Ave,-Lubbock,-TX-79424","9203 Grover Ave, Lubbock, TX 79424",79424,Single Family,Standard,4,3.0,2985,8276,2005,454000,219,152.09,0.3607,1,0.0,0,21,9.021115038865434,539131.0,85131.0,15.8
"3912-100th-Pl,-Lubbock,-TX-79423","3912 100th Pl, Lubbock, TX 79423",79423,Single Family,Standard,4,3.0,3207,7841,2005,515000,286,160.59,0.409,1,0.0,0,21,8.967121656230923,611994.0,96994.0,15.8
"6555-92nd-St,-Lubbock,-TX-79424","6555 92nd St, Lubbock, TX 79424",79424,Single Family,Standard,3,2.0,1915,6534,2006,229900,112,120.05,0.2931,1,0.0,0,20,8.784774592161016,272487.0,42587.0,15.6
"6914-21st-St,-Lubbock,-TX-79407","6914 21st St, Lubbock, TX 79407",79407,Townhouse,Standard,3,2.0,1552,4356,2018,193500,97,124.68,0.3563,1,0.0,0,8,8.37930948405285,228319.0,34819.0,15.3
"1716-133rd-St,-Lubbock,-TX-79423","1716 133rd St, Lubbock, TX 79423",79423,Single Family,Standard,3,2.0,1696,6098,2022,220000,104,129.72,0.2781,3,-8.33,2,4,8.7157161275482,259482.0,39482.0,15.2
"2806-58th-St,-Lubbock,-TX-79413","2806 58th St, Lubbock, TX 79413",79413,Single Family,Standard,3,2.0,2260,8276,1957,202500,146,89.6,0.2731,2,-3.57,1,69,9.021115038865434,237851.0,35351.0,14.9
"1918-42nd-St,-Lubbock,-TX-79412","1918 42nd St, Lubbock, TX 79412",79412,Single Family,Standard,4,1.0,1880,8276,1964,149000,118,79.26,0.2272,3,-9.7,2,62,9.021115038865434,174620.0,25620.0,14.7
"6932-35th-St,-Lubbock,-TX-79407","6932 35th St, Lubbock, TX 79407",79407,Single Family,Standard,3,2.0,1827,8712,2008,220000,153,120.42,0.2097,1,0.0,0,18,9.072456664612796,254712.0,34712.0,13.6
"4307-41st-St,-Lubbock,-TX-79413","4307 41st St, Lubbock, TX 79413",79413,Single Family,Standard,3,2.0,1891,7405,1952,157500,102,83.29,0.2554,1,0.0,0,74,8.909910726701899,181295.0,23795.0,13.1
"5310-24th-St,-Lubbock,-TX-79407","5310 24th St, Lubbock, TX 79407",79407,Single Family,Standard,3,2.0,2031,10019,1961,184500,123,90.84,0.2027,3,-7.7,2,65,9.212238569259263,211285.0,26785.0,12.7
"2615-113th-St,-Lubbock,-TX-79423","2615 113th St, Lubbock, TX 79423",79423,Townhouse,Standard,2,2.0,1459,4792,2016,187500,343,128.51,0.3045,2,-1.32,1,10,8.474703139795285,213879.0,26379.0,12.3
"3715-36th-St,-Lubbock,-TX-79413","3715 36th St, Lubbock, TX 79413",79413,Single Family,Standard,3,3.0,2197,11326,1960,205000,129,93.31,0.194,1,0.0,0,66,9.33485624667375,233081.0,28081.0,12.0
"5517-16th-Pl,-Lubbock,-TX-79416","5517 16th Pl, Lubbock, TX 79416",79416,Single Family,Standard,4,2.0,2139,7405,1965,194500,105,90.93,0.2889,1,0.0,0,61,8.909910726701899,220488.0,25988.0,11.8
"3819-33rd-St,-Lubbock,-TX-79410","3819 33rd St, Lubbock, TX 79410",79410,Single Family,Standard,3,3.0,1431,7841,1952,171000,291,119.5,0.1825,1,0.0,0,74,8.967121656230923,193793.0,22793.0,11.8
"3722-Prentiss-Ave,-Lubbock,-TX-79407","3722 Prentiss Ave, Lubbock, TX 79407",79407,Single Family,Standard,3,2.0,1712,5227,2020,227000,181,132.59,0.3275,1,0.0,0,6,8.561592778712923,256553.0,29553.0,11.5
"6546-87th-St,-Lubbock,-TX-79424","6546 87th St, Lubbock, TX 79424",79424,Single Family,Standard,3,2.0,1767,5663,2003,215000,102,121.68,0.312,1,0.0,0,23,8.641709066113805,242730.0,27730.0,11.4
"5407-79th-St,-Lubbock,-TX-79424","5407 79th St, Lubbock, TX 79424",79424,Single Family,Standard,3,2.0,2608,8712,1974,305000,162,116.95,0.2994,1,0.0,0,52,9.072456664612796,342818.0,37818.0,11.0
"5613-Kemper-St,-Lubbock,-TX-79416","5613 Kemper St, Lubbock, TX 79416",79416,Townhouse,Standard,2,2.0,1400,3485,2021,179000,181,127.86,0.4017,1,0.0,0,5,8.156223323194624,200167.0,21167.0,10.6
"3104-113th-St,-Lubbock,-TX-79423","3104 113th St, Lubbock, TX 79423",79423,Townhouse,Standard,3,2.0,1602,3920,2014,207000,178,129.21,0.4087,1,0.0,0,12,8.273846932784508,231357.0,24357.0,10.5
"531-N-Juneau-Ave,-Lubbock,-TX-79416","531 N Juneau Ave, Lubbock, TX 79416",79416,Single Family,Standard,3,2.0,1582,5227,2004,179900,167,113.72,0.3027,1,0.0,0,22,8.561592778712923,200584.0,20684.0,10.3
"4808-Jarvis-St,-Lubbock,-TX-79416","4808 Jarvis St, Lubbock, TX 79416",79416,Single Family,Standard,4,2.0,2007,6098,2006,240000,135,119.58,0.3291,1,0.0,0,20,8.7157161275482,267335.0,27335.0,10.2
"3615-47th-St,-Lubbock,-TX-79413","3615 47th St, Lubbock, TX 79413",79413,Single Family,Standard,3,3.0,2713,9148,1957,287000,150,105.79,0.2966,1,0.0,0,69,9.121290555142672,318430.0,31430.0,9.9
"4215-E-65th-St,-Lubbock,-TX-79403","4215 E 65th St, Lubbock, TX 79403",79403,Single Family,Standard,2,1.0,992,7405,1945,65000,95,65.52,0.134,1,0.0,0,81,8.909910726701899,72091.0,7091.0,9.8
"5504-110th-St,-Lubbock,-TX-79424","5504 110th St, Lubbock, TX 79424",79424,Single Family,Standard,3,2.0,1662,4792,2013,219000,189,131.77,0.3468,3,-4.78,1,13,8.474703139795285,242755.0,23755.0,9.8
"4913-56th-St,-Lubbock,-TX-79414","4913 56th St, Lubbock, TX 79414",79414,Single Family,Standard,3,2.0,1587,7841,2003,179000,129,112.79,0.2024,1,0.0,0,23,8.967121656230923,198344.0,19344.0,9.8
"2221-39th-St,-Lubbock,-TX-79412","2221 39th St, Lubbock, TX 79412",79412,Single Family,Standard,4,2.0,2029,6534,1952,159900,252,78.81,0.3105,3,-23.82,1,74,8.784774592161016,177205.0,17305.0,9.8
"2131-Edgewood-St,-Lubbock,-TX-79415","2131 Edgewood St, Lubbock, TX 79415",79415,Single Family,New Construction,4,2.0,1810,6098,2026,225499,122,124.59,0.2968,1,0.0,0,0,8.7157161275482,249181.0,23682.0,9.5
"2103-Edgewood-St,-Lubbock,-TX-79415","2103 Edgewood St, Lubbock, TX 79415",79415,Single Family,New Construction,4,2.0,1810,6098,2026,225499,104,124.59,0.2968,1,0.0,0,0,8.7157161275482,249181.0,23682.0,9.5
"5008-Hanover-St,-Lubbock,-TX-79416","5008 Hanover St, Lubbock, TX 79416",79416,Single Family,Standard,4,3.5,2431,7841,2004,315000,97,129.58,0.31,1,0.0,0,22,8.967121656230923,346554.0,31554.0,9.1
"2113-Edgewood-St,-Lubbock,-TX-79415","2113 Edgewood St, Lubbock, TX 79415",79415,Single Family,New Construction,4,2.0,1810,6098,2026,226499,106,125.14,0.2968,1,0.0,0,0,8.7157161275482,249181.0,22682.0,9.1
"5430-Ave-B,-Lubbock,-TX-79404","5430 Ave B, Lubbock, TX 79404",79404,Single Family,Standard,3,1.0,1113,6970,1955,79000,105,70.98,0.1597,1,0.0,0,71,8.84937050375457,86761.0,7761.0,8.9
"3504-27th-St,-Lubbock,-TX-79410","3504 27th St, Lubbock, TX 79410",79410,Single Family,Standard,3,2.0,1240,7841,1960,165000,117,133.06,0.1581,1,0.0,0,66,8.967121656230923,180902.0,15902.0,8.8
"7438-18th-St,-Lubbock,-TX-79416","7438 18th St, Lubbock, TX 79416",79416,Single Family,Standard,4,2.0,1778,16988,1953,146900,116,82.62,0.1047,1,0.0,0,73,9.740262491433162,161107.0,14207.0,8.8
"517-54th-St,-Lubbock,-TX-79404","517 54th St, Lubbock, TX 79404",79404,Single Family,Standard,2,1.0,1088,6970,1954,77500,101,71.23,0.1561,1,0.0,0,72,8.84937050375457,84799.0,7299.0,8.6
"2414-38th-St,-Lubbock,-TX-79412","2414 38th St, Lubbock, TX 79412",79412,Single Family,Standard,4,1.5,1733,7841,1956,137500,91,79.34,0.221,2,1.85,0,70,8.967121656230923,150469.0,12969.0,8.6
"6205-21st-St,-Lubbock,-TX-79407","6205 21st St, Lubbock, TX 79407",79407,Single Family,Standard,3,2.0,1517,5663,2015,200000,95,131.84,0.2679,4,-4.76,2,11,8.641709066113805,218740.0,18740.0,8.6
"5303-Lehigh-St,-Lubbock,-TX-79416","5303 Lehigh St, Lubbock, TX 79416",79416,Single Family,Standard,4,2.0,2171,6534,2018,295000,334,135.88,0.3323,1,0.0,0,8,8.784774592161016,322274.0,27274.0,8.5
"5503-9th-St,-Lubbock,-TX-79416","5503 9th St, Lubbock, TX 79416",79416,Single Family,Standard,4,2.0,2396,6970,1966,239900,255,100.13,0.3438,3,-11.12,2,60,8.84937050375457,261946.0,22046.0,8.4
"2011-38th-St,-Lubbock,-TX-79412","2011 38th St, Lubbock, TX 79412",79412,Single Family,Standard,2,1.0,709,6534,1951,69000,105,97.32,0.1085,1,0.0,0,75,8.784774592161016,75217.0,6217.0,8.3
"5526-Lehigh-St,-Lubbock,-TX-79416","5526 Lehigh St, Lubbock, TX 79416",79416,Townhouse,Standard,2,2.0,1407,3049,2021,185000,333,131.49,0.4615,1,0.0,0,5,8.022568946988255,201071.0,16071.0,8.0
"2020-138th-St,-Lubbock,-TX-79423","2020 138th St, Lubbock, TX 79423",79423,Single Family,Standard,3,2.0,1667,5663,2021,233900,131,140.31,0.2944,2,-2.54,1,5,8.641709066113805,252961.0,19061.0,7.5
"5015-16th-St,-Lubbock,-TX-79416","5015 16th St, Lubbock, TX 79416",79416,Single Family,Standard,4,3.0,2496,6534,1958,245000,116,98.16,0.382,2,75.13,0,68,8.784774592161016,264639.0,19639.0,7.4
"1608-48th-St,-Lubbock,-TX-79412","1608 48th St, Lubbock, TX 79412",79412,Single Family,Standard,3,2.0,1616,6970,2016,195000,161,120.67,0.2319,1,0.0,0,10,8.84937050375457,209506.0,14506.0,6.9
"7801-56th-St,-Lubbock,-TX-79407","7801 56th St, Lubbock, TX 79407",79407,Single Family,New Construction,5,3.0,2916,7405,2023,529900,235,181.72,0.3938,2,-0.95,1,3,8.909910726701899,568556.0,38656.0,6.8
"6307-County-Rd,-7430,-Lubbock,-TX-79424","6307 County Rd, 7430, Lubbock, TX 79424",79424,Single Family,Standard,3,2.5,2824,22651,2003,450000,158,159.35,0.1247,2,-5.26,1,23,10.027959280046968,479489.0,29489.0,6.2
"2136-57th-St,-Lubbock,-TX-79412","2136 57th St, Lubbock, TX 79412",79412,Single Family,Standard,3,2.5,2710,11326,1964,279500,91,103.14,0.2393,1,0.0,0,62,9.33485624667375,298026.0,18526.0,6.2
"1910-64th-St,-Lubbock,-TX-79412","1910 64th St, Lubbock, TX 79412",79412,Single Family,Standard,3,2.0,1579,8712,1953,125500,136,79.48,0.1812,1,0.0,0,73,9.072456664612796,133520.0,8020.0,6.0
"3013-45th-St,-Lubbock,-TX-79413","3013 45th St, Lubbock, TX 79413",79413,Single Family,Standard,3,2.0,1332,7841,1986,150000,145,112.61,0.1699,3,0.67,1,40,8.967121656230923,159232.0,9232.0,5.8
"5704-Geneva-Ave,-Lubbock,-TX-79413","5704 Geneva Ave, Lubbock, TX 79413",79413,Single Family,Standard,4,3.0,2451,10454,1962,262500,176,107.1,0.2345,1,0.0,0,64,9.254739959272866,278251.0,15751.0,5.7
"2109-Edgewood-St,-Lubbock,-TX-79415","2109 Edgewood St, Lubbock, TX 79415",79415,Single Family,New Construction,4,2.0,1732,6098,2026,224499,110,129.62,0.284,1,0.0,0,0,8.7157161275482,236973.0,12474.0,5.3
"1101-65th-St,-Lubbock,-TX-79412","1101 65th St, Lubbock, TX 79412",79412,Single Family,Standard,3,2.0,1567,13939,1952,124900,137,79.71,0.1124,2,0.0,0,74,9.542445945729886,131598.0,6698.0,5.1
"5536-Kemper-St,-Lubbock,-TX-79416","5536 Kemper St, Lubbock, TX 79416",79416,Townhouse,Standard,3,2.0,1522,4356,2022,207000,145,136.01,0.3494,2,0.0,0,4,8.37930948405285,218001.0,11001.0,5.0
"5532-Kemper-St,-Lubbock,-TX-79416","5532 Kemper St, Lubbock, TX 79416",79416,Townhouse,Standard,2,2.0,1408,3049,2022,192900,180,137.0,0.4618,2,0.0,0,4,8.022568946988255,202568.0,9668.0,4.8
"303-77th-St,-Lubbock,-TX-79404","303 77th St, Lubbock, TX 79404",79404,Single Family,Standard,4,2.0,1793,8276,2005,179900,118,100.33,0.2167,3,-7.74,2,21,9.021115038865434,188623.0,8723.0,4.6
"4913-40th-St,-Lubbock,-TX-79414","4913 40th St, Lubbock, TX 79414",79414,Single Family,Standard,3,1.0,1250,7841,1955,110000,131,88.0,0.1594,2,-9.09,1,71,8.967121656230923,115338.0,5338.0,4.6
"10003-Ave-X,-Lubbock,-TX-79423","10003 Ave X, Lubbock, TX 79423",79423,Single Family,Standard,4,2.0,1794,5663,2013,249000,158,138.8,0.3168,1,0.0,0,13,8.641709066113805,260044.0,11044.0,4.2
"3220-Waverly-Ave,-Lubbock,-TX-79407","3220 Waverly Ave, Lubbock, TX 79407",79407,Single Family,Standard,3,2.0,1550,5227,2022,225000,108,145.16,0.2965,1,0.0,0,4,8.561592778712923,234286.0,9286.0,4.0
"2115-62nd-St,-Lubbock,-TX-79412","2115 62nd St, Lubbock, TX 79412",79412,Single Family,Standard,3,2.0,2174,10890,1962,200000,164,92.0,0.1996,1,0.0,0,64,9.295600215927006,208183.0,8183.0,3.9
"1517-E-7th-St,-Lubbock,-TX-79403","1517 E 7th St, Lubbock, TX 79403",79403,Single Family,Standard,3,2.0,1172,6098,2020,129990,118,110.91,0.1922,1,0.0,0,6,8.7157161275482,134533.0,4543.0,3.4
"6910-17th-St,-Lubbock,-TX-79416","6910 17th St, Lubbock, TX 79416",79416,Single Family,Standard,3,2.0,2064,6098,2022,298950,102,144.84,0.3385,1,0.0,0,4,8.7157161275482,309073.0,10123.0,3.3
"2310-38th-St,-Lubbock,-TX-79412","2310 38th St, Lubbock, TX 79412",79412,Single Family,Standard,3,1.0,1418,6534,1951,114980,146,81.09,0.217,1,0.0,0,75,8.784774592161016,118749.0,3769.0,3.2
"306-52nd-St,-Lubbock,-TX-79404","306 52nd St, Lubbock, TX 79404",79404,Single Family,Standard,3,1.0,1274,6970,1964,98980,231,77.69,0.1828,1,0.0,0,62,8.84937050375457,102290.0,3310.0,3.2
"1633-139th-St,-Lubbock,-TX-79423","1633 139th St, Lubbock, TX 79423",79423,Single Family,Standard,3,2.0,1200,4356,2020,180000,186,150.0,0.2755,1,0.0,0,6,8.37930948405285,185989.0,5989.0,3.2
"2316-58th-St,-Lubbock,-TX-79412","2316 58th St, Lubbock, TX 79412",79412,Single Family,Short Sale,3,2.0,1856,10019,1958,160000,151,86.21,0.1852,1,0.0,0,68,9.212238569259263,165095.0,5095.0,3.1
"2011-37th-St,-Lubbock,-TX-79412","2011 37th St, Lubbock, TX 79412",79412,Single Family,Standard,2,1.0,827,7405,1957,82000,174,99.15,0.1117,1,0.0,0,69,8.909910726701899,84522.0,2522.0,3.0
"5615-Kemper-St,-Lubbock,-TX-79416","5615 Kemper St, Lubbock, TX 79416",79416,Townhouse,Standard,3,2.0,1419,5663,2021,198000,181,139.53,0.2506,1,0.0,0,5,8.641709066113805,202631.0,4631.0,2.3
"6306-25th-St,-Lubbock,-TX-79407","6306 25th St, Lubbock, TX 79407",79407,Single Family,Standard,3,2.0,1663,7405,2011,229000,105,137.7,0.2246,1,0.0,0,15,8.909910726701899,233884.0,4884.0,2.1
"4518-49th-St,-Lubbock,-TX-79414","4518 49th St, Lubbock, TX 79414",79414,Single Family,Standard,3,2.0,1680,6970,1956,149950,136,89.26,0.241,2,-6.28,1,70,8.84937050375457,153176.0,3226.0,2.1
"13606-Ave-U,-Lubbock,-TX-79423","13606 Ave U, Lubbock, TX 79423",79423,Single Family,Standard,3,2.0,1386,50965,2015,199000,124,143.58,0.0272,1,0.0,0,11,10.838894401602513,202678.0,3678.0,1.8
"2911-135th-St,-Lubbock,-TX-79423","2911 135th St, Lubbock, TX 79423",79423,Single Family,New Construction,4,2.0,2165,6970,2025,353000,347,163.05,0.3106,1,0.0,0,1,8.84937050375457,358191.0,5191.0,1.4
"5202-20th-St,-Lubbock,-TX-79407","5202 20th St, Lubbock, TX 79407",79407,Single Family,Standard,3,2.0,2270,6970,1971,259950,140,114.52,0.3257,2,-11.88,1,55,8.84937050375457,263714.0,3764.0,1.4
"2723-66th-St,-Lubbock,-TX-79413","2723 66th St, Lubbock, TX 79413",79413,Single Family,Standard,4,2.0,1657,6970,1960,162500,135,98.07,0.2377,1,0.0,0,66,8.84937050375457,164613.0,2113.0,1.3
"2404-Helena-Ave,-Lubbock,-TX-79407","2404 Helena Ave, Lubbock, TX 79407",79407,Single Family,New Construction,3,2.0,1622,5663,2026,249000,101,153.51,0.2864,1,0.0,0,0,8.641709066113805,252146.0,3146.0,1.2
"10403-Xenia-Ave,-Lubbock,-TX-79424","10403 Xenia Ave, Lubbock, TX 79424",79424,Single Family,Standard,3,2.0,1642,6098,2021,250000,132,152.25,0.2693,1,0.0,0,5,8.7157161275482,252990.0,2990.0,1.2
"4915-39th-St,-Lubbock,-TX-79414","4915 39th St, Lubbock, TX 79414",79414,Single Family,Standard,3,1.0,910,6534,1967,100000,115,109.89,0.1393,2,2.04,0,59,8.784774592161016,100500.0,500.0,0.5
"6207-110th-St,-Lubbock,-TX-79424","6207 110th St, Lubbock, TX 79424",79424,Single Family,Standard,4,2.5,3278,21780,2011,675000,102,205.92,0.1505,2,-9.99,1,15,9.988747396486952,678106.0,3106.0,0.5
"8601-Memphis-Dr,-Unit-C60,-Lubbock,-TX-79423","8601 Memphis Dr, Unit C60, Lubbock, TX 79423",79423,Single Family,Standard,2,2.0,1071,2178,1983,132500,171,123.72,0.4917,3,-5.36,2,43,7.686162303492906,133222.0,722.0,0.5
"7513-103rd-St,-Lubbock,-TX-79424","7513 103rd St, Lubbock, TX 79424",79424,Single Family,Standard,3,2.0,1350,6098,2018,205000,189,151.85,0.2214,2,0.0,0,8,8.7157161275482,205402.0,402.0,0.2
"7802-56th-St,-Lubbock,-TX-79407","7802 56th St, Lubbock, TX 79407",79407,Single Family,Standard,5,3.5,2893,7405,2023,559000,94,193.23,0.3907,3,-6.82,2,3,8.909910726701899,560195.0,1195.0,0.2
"2216-39th-St,-Lubbock,-TX-79412","2216 39th St, Lubbock, TX 79412",79412,Single Family,Standard,3,1.0,1064,7841,1958,99000,147,93.05,0.1357,2,-5.71,1,68,8.967121656230923,99129.0,129.0,0.1
"2010-52nd-St,-Lubbock,-TX-79412","2010 52nd St, Lubbock, TX 79412",79412,Single Family,Standard,4,2.0,1957,8712,1961,180000,144,91.98,0.2246,1,0.0,0,65,9.072456664612796,179807.0,-193.0,-0.1
"3021-Valencia-Ave,-Lubbock,-TX-79407","3021 Valencia Ave, Lubbock, TX 79407",79407,Single Family,Standard,3,2.0,1352,5227,2021,205000,118,151.63,0.2587,1,0.0,0,5,8.561592778712923,204844.0,-156.0,-0.1
"5725-63rd-St,-Lubbock,-TX-79424","5725 63rd St, Lubbock, TX 79424",79424,Single Family,Standard,3,2.0,1865,8276,1981,224800,91,120.54,0.2254,1,0.0,0,45,9.021115038865434,222755.0,-2045.0,-0.9
"5520-80th-St,-Lubbock,-TX-79424","5520 80th St, Lubbock, TX 79424",79424,Single Family,Standard,3,2.0,2076,9148,1975,250000,164,120.42,0.2269,1,0.0,0,51,9.121290555142672,245018.0,-4982.0,-2.0
"5625-County-Rd,-6140,-Lubbock,-TX-79415","5625 County Rd, 6140, Lubbock, TX 79415",79415,Single Family,Standard,4,3.0,2852,64904,1988,385000,123,134.99,0.0439,1,0.0,0,38,11.0806645340749,376881.0,-8119.0,-2.2
"5117-79th-Dr,-Lubbock,-TX-79424","5117 79th Dr, Lubbock, TX 79424",79424,Single Family,Standard,3,2.0,1709,3485,1994,225000,101,131.66,0.4904,2,-4.26,1,32,8.156223323194624,220003.0,-4997.0,-2.3
"2117-Edgewood-St,-Lubbock,-TX-79415","2117 Edgewood St, Lubbock, TX 79415",79415,Single Family,New Construction,3,2.0,1413,6098,2026,197499,105,139.77,0.2317,1,0.0,0,0,8.7157161275482,192961.0,-4538.0,-2.4
"6705-84th-St,-Lubbock,-TX-79424","6705 84th St, Lubbock, TX 79424",79424,Single Family,Standard,3,2.0,1296,5227,2008,190000,178,146.6,0.2479,1,0.0,0,18,8.561592778712923,185390.0,-4610.0,-2.5
"11104-Canton-Ave,-Lubbock,-TX-79423","11104 Canton Ave, Lubbock, TX 79423",79423,Single Family,Standard,4,2.0,1886,5227,2006,269900,121,143.11,0.3608,1,0.0,0,20,8.561592778712923,263142.0,-6758.0,-2.6
"2105-Edgewood-St,-Lubbock,-TX-79415","2105 Edgewood St, Lubbock, TX 79415",79415,Single Family,New Construction,3,2.0,1413,6098,2026,198499,104,140.48,0.2317,1,0.0,0,0,8.7157161275482,192961.0,-5538.0,-2.9
"3111-Duke-St,-Lubbock,-TX-79415","3111 Duke St, Lubbock, TX 79415",79415,Single Family,Standard,3,2.0,1461,3920,2022,200000,142,136.89,0.3727,1,0.0,0,4,8.273846932784508,193701.0,-6299.0,-3.3
"2323-149th-St,-Lubbock,-TX-79423","2323 149th St, Lubbock, TX 79423",79423,Single Family,Standard,3,2.0,1358,5663,2023,218000,101,160.53,0.2398,4,-4.39,2,3,8.641709066113805,210138.0,-7862.0,-3.7
"7101-24th-St,-Lubbock,-TX-79407","7101 24th St, Lubbock, TX 79407",79407,Single Family,Standard,3,2.0,1989,6098,2023,324900,138,163.35,0.3262,1,0.0,0,3,8.7157161275482,312954.0,-11946.0,-3.8
"2209-E-29th-St,-Lubbock,-TX-79404","2209 E 29th St, Lubbock, TX 79404",79404,Single Family,Standard,3,1.0,1152,6534,1957,94000,174,81.6,0.1763,1,0.0,0,69,8.784774592161016,90182.0,-3818.0,-4.2
"2317-99th-St,-Lubbock,-TX-79423","2317 99th St, Lubbock, TX 79423",79423,Single Family,Standard,3,2.0,1217,5663,2007,179500,112,147.49,0.2149,1,0.0,0,19,8.641709066113805,172189.0,-7311.0,-4.2
"6944-10th-St,-Lubbock,-TX-79416","6944 10th St, Lubbock, TX 79416",79416,Single Family,Standard,3,2.0,1454,5663,2023,219000,118,150.62,0.2568,1,0.0,0,3,8.641709066113805,210077.0,-8923.0,-4.2
"2414-Baylor-St,-Lubbock,-TX-79415","2414 Baylor St, Lubbock, TX 79415",79415,Single Family,Standard,1,1.0,792,8102,1929,69999,250,88.38,0.0978,1,0.0,0,97,8.999866223762636,67060.0,-2939.0,-4.4
"2101-Edgewood-St,-Lubbock,-TX-79415","2101 Edgewood St, Lubbock, TX 79415",79415,Single Family,New Construction,3,2.0,1307,6534,2026,188499,96,144.22,0.2,1,0.0,0,0,8.784774592161016,180227.0,-8272.0,-4.6
"1614-56th-St,-Lubbock,-TX-79412","1614 56th St, Lubbock, TX 79412",79412,Single Family,Standard,3,2.0,2188,9583,1962,220000,208,100.55,0.2283,1,0.0,0,64,9.167745974343763,210069.0,-9931.0,-4.7
"2605-1st-St,-Lubbock,-TX-79415","2605 1st St, Lubbock, TX 79415",79415,Single Family,Standard,2,1.0,672,6098,1950,75000,154,111.61,0.1102,1,0.0,0,76,8.7157161275482,71559.0,-3441.0,-4.8
"2305-150th-Pl,-Lubbock,-TX-79423","2305 150th Pl, Lubbock, TX 79423",79423,Single Family,New Construction,3,2.0,1532,5663,2026,251990,126,164.48,0.2705,1,0.0,0,0,8.641709066113805,239883.0,-12107.0,-5.0
"2013-48th-St,-Lubbock,-TX-79412","2013 48th St, Lubbock, TX 79412",79412,Single Family,Standard,2,2.0,828,7841,1953,86500,104,104.47,0.1056,1,0.0,0,73,8.967121656230923,82316.0,-4184.0,-5.1
"5513-104th-St,-Lubbock,-TX-79424","5513 104th St, Lubbock, TX 79424",79424,Single Family,Standard,4,2.0,2007,8276,2008,308500,198,153.71,0.2425,1,0.0,0,18,9.021115038865434,293063.0,-15437.0,-5.3
"5224-89th-St,-Lubbock,-TX-79424","5224 89th St, Lubbock, TX 79424",79424,Single Family,Standard,3,2.0,1873,8276,1980,235000,89,125.47,0.2263,1,0.0,0,46,9.021115038865434,222394.0,-12606.0,-5.7
"15403-County-Rd,-2140,-Lubbock,-TX-79423","15403 County Rd, 2140, Lubbock, TX 79423",79423,Single Family,Standard,5,3.0,2791,43560,2010,515000,133,184.52,0.0641,2,-2.74,1,16,10.681894577046897,484277.0,-30723.0,-6.3
"1924-73rd-St,-Lubbock,-TX-79423","1924 73rd St, Lubbock, TX 79423",79423,Single Family,Standard,3,1.0,1297,6534,1965,145000,135,111.8,0.1985,1,0.0,0,61,8.784774592161016,136411.0,-8589.0,-6.3
"3721-31st-St,-Lubbock,-TX-79410","3721 31st St, Lubbock, TX 79410",79410,Single Family,Standard,4,2.0,1280,7405,1950,185000,126,144.53,0.1729,1,0.0,0,76,8.909910726701899,173468.0,-11532.0,-6.6
"6952-101st-St,-Lubbock,-TX-79424","6952 101st St, Lubbock, TX 79424",79424,Single Family,Standard,4,3.5,2576,8712,2023,500000,102,194.1,0.2957,1,0.0,0,3,9.072456664612796,467989.0,-32011.0,-6.8
"5213-Itasca-St,-Lubbock,-TX-79416","5213 Itasca St, Lubbock, TX 79416",79416,Single Family,Standard,3,2.0,1872,6098,2005,260000,89,138.89,0.307,1,0.0,0,21,8.7157161275482,243419.0,-16581.0,-6.8
"8424-10th-Pl,-Lubbock,-TX-79416","8424 10th Pl, Lubbock, TX 79416",79416,Single Family,Standard,3,2.0,1520,5358,2022,233000,144,153.29,0.2837,1,0.0,0,4,8.586346050104554,217720.0,-15280.0,-7.0
"6301-25th-St,-Lubbock,-TX-79407","6301 25th St, Lubbock, TX 79407",79407,Single Family,Standard,3,2.0,1575,6970,2022,255000,91,161.9,0.226,1,0.0,0,4,8.84937050375457,238089.0,-16911.0,-7.1
"4214-64th-St,-Lubbock,-TX-79413","4214 64th St, Lubbock, TX 79413",79413,Single Family,Standard,3,2.0,2555,7841,1967,329500,207,128.96,0.3259,3,-1.79,1,59,8.967121656230923,307775.0,-21725.0,-7.1
"2708-42nd-St,-Lubbock,-TX-79413","2708 42nd St, Lubbock, TX 79413",79413,Single Family,Standard,3,2.0,1288,6970,1950,130000,146,100.93,0.1848,2,-10.34,1,76,8.84937050375457,121294.0,-8706.0,-7.2
"4616-143rd-St,-Lubbock,-TX-79424","4616 143rd St, Lubbock, TX 79424",79424,Single Family,New Construction,4,4.0,3205,9583,2025,764999,304,238.69,0.3344,1,0.0,0,1,9.167745974343763,711306.0,-53693.0,-7.5
"8411-Geneva-Ave,-Lubbock,-TX-79423","8411 Geneva Ave, Lubbock, TX 79423",79423,Single Family,Standard,3,2.0,1714,7405,1978,210000,146,122.52,0.2315,1,0.0,0,48,8.909910726701899,194861.0,-15139.0,-7.8
"7012-12th-St,-Lubbock,-TX-79416","7012 12th St, Lubbock, TX 79416",79416,Single Family,Standard,4,2.0,1613,5663,2022,249500,341,154.68,0.2848,3,-3.85,2,4,8.641709066113805,231159.0,-18341.0,-7.9
"6802-56th-St,-Lubbock,-TX-79407","6802 56th St, Lubbock, TX 79407",79407,Single Family,Standard,4,2.0,2050,6534,2023,352500,172,171.95,0.3137,1,0.0,0,3,8.784774592161016,325494.0,-27006.0,-8.3
"6928-12th-St,-Lubbock,-TX-79416","6928 12th St, Lubbock, TX 79416",79416,Single Family,New Construction,4,3.0,1833,6098,2025,294950,204,160.91,0.3006,1,0.0,0,1,8.7157161275482,271814.0,-23136.0,-8.5
"5724-74th-St,-Lubbock,-TX-79424","5724 74th St, Lubbock, TX 79424",79424,Single Family,Standard,3,2.0,1885,7841,1976,238000,91,126.26,0.2404,1,0.0,0,50,8.967121656230923,218130.0,-19870.0,-9.1
"4503-43rd-St,-Lubbock,-TX-79414","4503 43rd St, Lubbock, TX 79414",79414,Single Family,Standard,3,2.0,1225,7405,1956,125000,115,102.04,0.1654,1,0.0,0,70,8.909910726701899,114267.0,-10733.0,-9.4
"5905-112th-St,-Lubbock,-TX-79424","5905 112th St, Lubbock, TX 79424",79424,Single Family,Standard,4,3.0,2584,9583,2018,498000,138,192.72,0.2696,1,0.0,0,8,9.167745974343763,454744.0,-43256.0,-9.5
"3512-E-Baylor-St,-Lubbock,-TX-79403","3512 E Baylor St, Lubbock, TX 79403",79403,Single Family,Standard,4,2.0,1350,9583,1963,112500,135,83.33,0.1409,1,0.0,0,63,9.167745974343763,102557.0,-9943.0,-9.7
"1826-E-25th-St,-Lubbock,-TX-79404","1826 E 25th St, Lubbock, TX 79404",79404,Single Family,Standard,2,1.0,829,6970,1955,79500,174,95.9,0.1189,1,0.0,0,71,8.84937050375457,72258.0,-7242.0,-10.0
"2508-108th-Dr,-Lubbock,-TX-79423","2508 108th Dr, Lubbock, TX 79423",79423,Single Family,Standard,3,2.0,1266,5227,2002,189000,208,149.29,0.2422,1,0.0,0,24,8.561592778712923,171793.0,-17207.0,-10.0
"5617-Ave-D,-Lubbock,-TX-79404","5617 Ave D, Lubbock, TX 79404",79404,Single Family,Standard,2,1.0,1104,6891,1955,94999,159,86.05,0.1602,1,0.0,0,71,8.837971491357209,86260.0,-8739.0,-10.1
"2507-31st-St,-Lubbock,-TX-79410","2507 31st St, Lubbock, TX 79410",79410,Single Family,Standard,3,3.0,1381,8276,1947,200000,291,144.82,0.1669,1,0.0,0,79,9.021115038865434,181404.0,-18596.0,-10.3
"2508-21st-St,-Lubbock,-TX-79410","2508 21st St, Lubbock, TX 79410",79410,Single Family,Standard,4,3.0,2211,13068,1939,325000,139,146.99,0.1692,1,0.0,0,87,9.477921772720961,293276.0,-31724.0,-10.8
"4501-45th-St,-Lubbock,-TX-79414","4501 45th St, Lubbock, TX 79414",79414,Single Family,Standard,2,1.0,1038,7841,1953,110000,164,105.97,0.1324,1,0.0,0,73,8.967121656230923,99264.0,-10736.0,-10.8
"4417-Ridgely-Ave,-Lubbock,-TX-79407","4417 Ridgely Ave, Lubbock, TX 79407",79407,Single Family,New Construction,4,3.5,2460,6970,2026,479900,139,195.08,0.3529,2,2.35,0,0,8.84937050375457,432562.0,-47338.0,-10.9
"7016-17th-St,-Lubbock,-TX-79416","7016 17th St, Lubbock, TX 79416",79416,Single Family,Short Sale,3,2.0,2223,6098,2022,380000,115,170.94,0.3645,2,-5.0,1,4,8.7157161275482,342401.0,-37599.0,-11.0
"4025-136th-St,-Lubbock,-TX-79423","4025 136th St, Lubbock, TX 79423",79423,Single Family,New Construction,4,3.0,2683,7841,2025,555000,144,206.86,0.3422,3,-5.92,2,1,8.967121656230923,500040.0,-54960.0,-11.0
"4406-Quincy-Ave,-Lubbock,-TX-79407","4406 Quincy Ave, Lubbock, TX 79407",79407,Single Family,New Construction,4,3.0,2355,7405,2026,449000,105,190.66,0.318,1,0.0,0,0,8.909910726701899,404277.0,-44723.0,-11.1
"4412-Quincy-Ave,-Lubbock,-TX-79407","4412 Quincy Ave, Lubbock, TX 79407",79407,Single Family,New Construction,4,3.0,2355,6970,2026,449000,104,190.66,0.3379,1,0.0,0,0,8.84937050375457,404277.0,-44723.0,-11.1
"2112-58th-St,-Lubbock,-TX-79412","2112 58th St, Lubbock, TX 79412",79412,Single Family,Standard,4,2.0,1764,7405,1959,175000,220,99.21,0.2382,1,0.0,0,67,8.909910726701899,156654.0,-18346.0,-11.7
"4503-45th-St,-Lubbock,-TX-79414","4503 45th St, Lubbock, TX 79414",79414,Single Family,Standard,2,1.0,1085,7841,1953,115000,164,105.99,0.1384,1,0.0,0,73,8.967121656230923,102315.0,-12685.0,-12.4
"7014-18th-Pl,-Lubbock,-TX-79416","7014 18th Pl, Lubbock, TX 79416",79416,Single Family,New Construction,3,2.0,2037,5663,2025,348500,112,171.08,0.3597,1,0.0,0,1,8.641709066113805,309979.0,-38521.0,-12.4
"4225-County-Rd,-1200,-Lubbock,-TX-79407","4225 County Rd, 1200, Lubbock, TX 79407",79407,Single Family,Standard,4,2.5,2880,872071,2014,589900,194,204.83,0.0033,1,0.0,0,12,13.678626121594872,522675.0,-67225.0,-12.9
"3513-45th-St,-Lubbock,-TX-79413","3513 45th St, Lubbock, TX 79413",79413,Single Family,Standard,4,3.0,2809,13068,1956,380000,187,135.28,0.215,2,15.15,0,70,9.477921772720961,336454.0,-43546.0,-12.9
"12205-Norfolk-Ave,-Lubbock,-TX-79423","12205 Norfolk Ave, Lubbock, TX 79423",79423,Single Family,Standard,3,2.0,2032,8276,2016,349500,207,172.0,0.2455,3,-11.07,2,10,9.021115038865434,309344.0,-40156.0,-13.0
"2706-68th-St,-Lubbock,-TX-79413","2706 68th St, Lubbock, TX 79413",79413,Single Family,Standard,3,1.0,1191,7841,1961,138900,137,116.62,0.1519,1,0.0,0,65,8.967121656230923,122761.0,-16139.0,-13.1
"2808-1st-St,-Lubbock,-TX-79415","2808 1st St, Lubbock, TX 79415",79415,Single Family,Standard,3,1.0,960,6098,1943,93000,96,96.88,0.1574,3,-1.06,1,83,8.7157161275482,82155.0,-10845.0,-13.2
"2506-44th-St,-Lubbock,-TX-79413","2506 44th St, Lubbock, TX 79413",79413,Single Family,Standard,4,2.0,1454,7841,1986,195000,147,134.11,0.1854,1,0.0,0,40,8.967121656230923,172249.0,-22751.0,-13.2
"7814-53rd-St,-Lubbock,-TX-79407","7814 53rd St, Lubbock, TX 79407",79407,Single Family,New Construction,4,3.0,2235,6534,2026,424900,157,190.11,0.3421,1,0.0,0,0,8.784774592161016,374209.0,-50691.0,-13.5
"2805-53rd-St,-Lubbock,-TX-79413","2805 53rd St, Lubbock, TX 79413",79413,Single Family,Standard,3,2.0,1313,7405,1955,144950,163,110.4,0.1773,2,-84.98,1,71,8.909910726701899,127508.0,-17442.0,-13.7
"7809-52nd-St,-Lubbock,-TX-79407","7809 52nd St, Lubbock, TX 79407",79407,Single Family,Standard,4,3.0,2100,7000,2022,379900,179,180.9,0.3,1,0.0,0,4,8.85366542803745,333878.0,-46022.0,-13.8
"7107-23rd-St,-Lubbock,-TX-79407","7107 23rd St, Lubbock, TX 79407",79407,Single Family,Standard,4,2.0,1652,6534,2022,285000,219,172.52,0.2528,1,0.0,0,4,8.784774592161016,250194.0,-34806.0,-13.9
"3914-137th-St,-Lubbock,-TX-79423","3914 137th St, Lubbock, TX 79423",79423,Single Family,Standard,4,3.0,2517,10019,2016,482500,235,191.7,0.2512,2,9.66,0,10,9.212238569259263,422767.0,-59733.0,-14.1
"4630-143rd-St,-Lubbock,-TX-79424","4630 143rd St, Lubbock, TX 79424",79424,Single Family,New Construction,4,3.0,2934,9583,2025,685000,149,233.47,0.3062,2,-2.13,1,1,9.167745974343763,597386.0,-87614.0,-14.7
"5227-Lehigh-St,-Lubbock,-TX-79416","5227 Lehigh St, Lubbock, TX 79416",79416,Single Family,Standard,3,2.0,1774,6534,2016,282800,325,159.41,0.2715,3,-2.48,2,10,8.784774592161016,246205.0,-36595.0,-14.9
"3603-143rd-St,-Lubbock,-TX-79423","3603 143rd St, Lubbock, TX 79423",79423,Single Family,New Construction,4,3.5,2320,8712,2025,455000,219,196.12,0.2663,2,-8.63,1,1,9.072456664612796,395795.0,-59205.0,-15.0
"5006-Jarvis-St,-Lubbock,-TX-79416","5006 Jarvis St, Lubbock, TX 79416",79416,Single Family,Standard,3,2.0,1531,7405,2013,238000,183,155.45,0.2068,3,-4.8,1,13,8.909910726701899,206302.0,-31698.0,-15.4
"2510-59th-St,-Lubbock,-TX-79413","2510 59th St, Lubbock, TX 79413",79413,Single Family,Standard,3,2.0,2122,10454,1956,249900,117,117.77,0.203,1,0.0,0,70,9.254739959272866,216154.0,-33746.0,-15.6
"3215-Itasca-St,-Lubbock,-TX-79415","3215 Itasca St, Lubbock, TX 79415",79415,Single Family,Standard,3,1.0,940,7405,1950,99000,129,105.32,0.1269,1,0.0,0,76,8.909910726701899,85041.0,-13959.0,-16.4
"4705-Marshall-St,-Lubbock,-TX-79416","4705 Marshall St, Lubbock, TX 79416",79416,Single Family,Standard,3,2.0,1168,6098,1977,149000,173,127.57,0.1915,1,0.0,0,49,8.7157161275482,127962.0,-21038.0,-16.4
"2906-Ute-Ave,-Lubbock,-TX-79404","2906 Ute Ave, Lubbock, TX 79404",79404,Single Family,Standard,3,2.0,1400,6098,1959,125000,167,89.29,0.2296,1,0.0,0,67,8.7157161275482,107243.0,-17757.0,-16.6
"2705-85th-St,-Lubbock,-TX-79423","2705 85th St, Lubbock, TX 79423",79423,Single Family,Standard,3,2.0,1671,7405,1996,249999,142,149.61,0.2257,1,0.0,0,30,8.909910726701899,214112.0,-35887.0,-16.8
"1019-N-Grover-Ave,-Lubbock,-TX-79416","1019 N Grover Ave, Lubbock, TX 79416",79416,Single Family,Standard,3,2.5,1766,5663,2022,299000,138,169.31,0.3118,1,0.0,0,4,8.641709066113805,255098.0,-43902.0,-17.2
"1916-71st-St,-Lubbock,-TX-79412","1916 71st St, Lubbock, TX 79412",79412,Single Family,Standard,3,2.0,1514,6970,1966,164000,168,108.32,0.2172,1,0.0,0,60,8.84937050375457,139831.0,-24169.0,-17.3
"19210-County-Rd,-2240,-Lubbock,-TX-79423","19210 County Rd, 2240, Lubbock, TX 79423",79423,Single Family,Standard,4,3.0,2692,54886,2022,579000,186,215.08,0.049,3,-7.36,2,4,10.913013585869802,492831.0,-86169.0,-17.5
"1304-42nd-St,-Lubbock,-TX-79412","1304 42nd St, Lubbock, TX 79412",79412,Single Family,Standard,2,1.0,1030,7841,1951,109500,115,106.31,0.1314,2,4.29,0,75,8.967121656230923,92492.0,-17008.0,-18.4
"12102-Savannah-Ave,-Lubbock,-TX-79424","12102 Savannah Ave, Lubbock, TX 79424",79424,Townhouse,Standard,3,2.5,1779,3920,2022,329999,173,185.5,0.4538,1,0.0,0,4,8.273846932784508,278205.0,-51794.0,-18.6
"1016-Ironton-Ave,-Lubbock,-TX-79416","1016 Ironton Ave, Lubbock, TX 79416",79416,Single Family,Standard,3,2.0,1312,6534,1994,187000,138,142.53,0.2008,1,0.0,0,32,8.784774592161016,157530.0,-29470.0,-18.7
"5604-70th-St,-Lubbock,-TX-79424","5604 70th St, Lubbock, TX 79424",79424,Single Family,Standard,3,2.0,1923,9148,1978,269000,150,139.89,0.2102,1,0.0,0,48,9.121290555142672,226583.0,-42417.0,-18.7
"1511-36th-St,-Lubbock,-TX-79412","1511 36th St, Lubbock, TX 79412",79412,Single Family,Standard,2,1.0,1017,7841,1951,109000,216,107.18,0.1297,1,0.0,0,75,8.967121656230923,91721.0,-17279.0,-18.8
"3511-105th-St,-Lubbock,-TX-79423","3511 105th St, Lubbock, TX 79423",79423,Single Family,Standard,3,2.0,1741,7405,1998,269900,348,155.03,0.2351,1,0.0,0,28,8.909910726701899,227040.0,-42860.0,-18.9
"3605-143rd-St,-Lubbock,-TX-79423","3605 143rd St, Lubbock, TX 79423",79423,Single Family,New Construction,4,3.0,2246,8712,2025,449000,164,199.91,0.2578,1,0.0,0,1,9.072456664612796,377373.0,-71627.0,-19.0
"4803-73rd-St,-Lubbock,-TX-79424","4803 73rd St, Lubbock, TX 79424",79424,Single Family,Standard,3,2.0,1465,7405,1977,199950,124,136.48,0.1978,1,0.0,0,49,8.909910726701899,167563.0,-32387.0,-19.3
"7404-Fir-Ave,-Lubbock,-TX-79404","7404 Fir Ave, Lubbock, TX 79404",79404,Single Family,Standard,3,2.0,1309,7841,1981,140000,129,106.95,0.1669,1,0.0,0,45,8.967121656230923,117388.0,-22612.0,-19.3
"410-Prentiss-Ave,-Lubbock,-TX-79416","410 Prentiss Ave, Lubbock, TX 79416",79416,Single Family,Standard,3,2.0,1282,6534,2001,194000,108,151.33,0.1962,2,-5.37,1,25,8.784774592161016,162017.0,-31983.0,-19.7
"14105-Utica-Ave,-Lubbock,-TX-79424","14105 Utica Ave, Lubbock, TX 79424",79424,Single Family,New Construction,3,3.0,2509,6534,2026,550000,117,219.21,0.384,1,0.0,0,0,8.784774592161016,457424.0,-92576.0,-20.2
"3627-56th-St,-Lubbock,-TX-79413","3627 56th St, Lubbock, TX 79413",79413,Single Family,Standard,3,2.5,2092,8712,1963,269500,118,128.82,0.2401,1,0.0,0,63,9.072456664612796,222311.0,-47189.0,-21.2
"13801-Uxbridge-Ave,-Lubbock,-TX-79424","13801 Uxbridge Ave, Lubbock, TX 79424",79424,Single Family,New Construction,4,3.0,2585,7841,2025,579000,108,223.98,0.3297,3,-5.85,2,1,8.967121656230923,477129.0,-101871.0,-21.4
"1203-County-Rd,-7715,-Lubbock,-TX-79423","1203 County Rd, 7715, Lubbock, TX 79423",79423,Single Family,New Construction,4,3.0,2567,43560,2026,569000,110,221.66,0.0589,2,0.0,0,0,10.681894577046897,467196.0,-101804.0,-21.8
"2103-County-Rd,-7820,-Lubbock,-TX-79423","2103 County Rd, 7820, Lubbock, TX 79423",79423,Single Family,New Construction,4,3.0,2458,43560,2026,543218,201,221.0,0.0564,2,735.72,0,0,10.681894577046897,435523.0,-107695.0,-24.7
"5424-45th-St,-Lubbock,-TX-79414","5424 45th St, Lubbock, TX 79414",79414,Single Family,Standard,3,2.0,1044,7841,1965,134900,112,129.21,0.1331,1,0.0,0,61,8.967121656230923,108085.0,-26815.0,-24.8
"5402-7th-St,-Lubbock,-TX-79416","5402 7th St, Lubbock, TX 79416",79416,Single Family,Standard,3,2.0,1614,8712,1960,190000,143,117.72,0.1853,1,0.0,0,66,9.072456664612796,151996.0,-38004.0,-25.0
"7514-56th-St,-Lubbock,-TX-79407","7514 56th St, Lubbock, TX 79407",79407,Single Family,New Construction,4,3.0,2171,7405,2026,450900,144,207.69,0.2932,1,0.0,0,0,8.909910726701899,359097.0,-91803.0,-25.6
"523-39th-St,-Lubbock,-TX-79404","523 39th St, Lubbock, TX 79404",79404,Single Family,Standard,2,1.0,696,6534,1927,69000,90,99.14,0.1065,2,0.0,0,99,8.784774592161016,54869.0,-14131.0,-25.8
"1912-20th-St,-Lubbock,-TX-79411","1912 20th St, Lubbock, TX 79411",79411,Single Family,Standard,4,3.0,1990,8276,1936,170000,294,85.43,0.2405,1,0.0,0,90,9.021115038865434,134596.0,-35404.0,-26.3
"13804-Utica-Ave,-Lubbock,-TX-79424","13804 Utica Ave, Lubbock, TX 79424",79424,Single Family,New Construction,4,3.0,2527,7841,2026,585000,139,231.5,0.3223,1,0.0,0,0,8.967121656230923,462758.0,-122242.0,-26.4
"6906-8th-St,-Lubbock,-TX-79416","6906 8th St, Lubbock, TX 79416",79416,Single Family,Standard,3,2.0,1455,6534,2003,234900,150,161.44,0.2227,1,0.0,0,23,8.784774592161016,183583.0,-51317.0,-28.0
"4613-138th-Pl,-Lubbock,-TX-79424","4613 138th Pl, Lubbock, TX 79424",79424,Single Family,New Construction,4,3.0,2225,7405,2025,484900,244,217.93,0.3005,1,0.0,0,1,8.909910726701899,378391.0,-106509.0,-28.1
"4301-41st-St,-Lubbock,-TX-79413","4301 41st St, Lubbock, TX 79413",79413,Single Family,Standard,3,1.0,1438,8712,1952,174000,110,121.0,0.1651,1,0.0,0,74,9.072456664612796,135418.0,-38582.0,-28.5
"324-E-76th-St,-Lubbock,-TX-79404","324 E 76th St, Lubbock, TX 79404",79404,Single Family,Standard,3,2.0,1430,5227,2024,220000,95,153.85,0.2736,1,0.0,0,2,8.561592778712923,169802.0,-50198.0,-29.6
"3610-143rd-St,-Lubbock,-TX-79423","3610 143rd St, Lubbock, TX 79423",79423,Single Family,New Construction,4,3.0,2503,8712,2026,582900,102,232.88,0.2873,1,0.0,0,0,9.072456664612796,448330.0,-134570.0,-30.0
"7115-26th-St,-Lubbock,-TX-79407","7115 26th St, Lubbock, TX 79407",79407,Single Family,Standard,4,2.5,2719,51248,1959,425000,86,156.31,0.0531,2,6.25,0,67,10.84443187184894,324659.0,-100341.0,-30.9
"2101-48th-St,-Lubbock,-TX-79412","2101 48th St, Lubbock, TX 79412",79412,Single Family,Standard,3,2.0,1263,7405,1956,147500,231,116.79,0.1706,1,0.0,0,70,8.909910726701899,111169.0,-36331.0,-32.7
"2702-20th-St,-Lubbock,-TX-79410","2702 20th St, Lubbock, TX 79410",79410,Single Family,Standard,4,3.5,2530,7405,1927,441500,95,174.51,0.3417,1,0.0,0,99,8.909910726701899,332054.0,-109446.0,-33.0
"2003-County-Rd,-7820,-Lubbock,-TX-79423","2003 County Rd, 7820, Lubbock, TX 79423",79423,Single Family,New Construction,4,3.0,2267,43560,2026,514950,201,227.15,0.052,1,0.0,0,0,10.681894577046897,385111.0,-129839.0,-33.7
"709-81st-St,-Lubbock,-TX-79404","709 81st St, Lubbock, TX 79404",79404,Single Family,Standard,2,1.0,952,15682,1948,100000,112,105.04,0.0607,2,66.67,0,78,9.660268836790868,74594.0,-25406.0,-34.1
"10923-Norwich-Ave,-Lubbock,-TX-79424","10923 Norwich Ave, Lubbock, TX 79424",79424,Single Family,Standard,2,2.0,1286,7405,2022,272000,126,211.51,0.1737,4,-4.56,2,4,8.909910726701899,202520.0,-69480.0,-34.3
"5016-15th-St,-Lubbock,-TX-79416","5016 15th St, Lubbock, TX 79416",79416,Single Family,Standard,3,2.0,1797,6534,1959,229500,146,127.71,0.275,1,0.0,0,67,8.784774592161016,169854.0,-59646.0,-35.1
"2627-Parkway-Dr,-Lubbock,-TX-79403","2627 Parkway Dr, Lubbock, TX 79403",79403,Single Family,Standard,4,2.0,1550,9583,2025,240000,138,154.84,0.1617,1,0.0,0,1,9.167745974343763,177528.0,-62472.0,-35.2
"2422-N-Ave-O,-Lubbock,-TX-79403","2422 N Ave O, Lubbock, TX 79403",79403,Single Family,Standard,3,2.0,1323,5227,2023,205000,102,154.95,0.2531,1,0.0,0,3,8.561592778712923,151317.0,-53683.0,-35.5
"9223-E-County-Rd,-6700,-Lubbock,-TX-79403","9223 E County Rd, 6700, Lubbock, TX 79403",79403,Single Family,Standard,4,2.5,2914,54450,2003,499900,147,171.55,0.0535,2,-9.09,1,23,10.905038128361106,368199.0,-131701.0,-35.8
"4621-35th-St,-Lubbock,-TX-79414","4621 35th St, Lubbock, TX 79414",79414,Single Family,Standard,3,1.0,1228,8712,1955,155000,137,126.22,0.141,1,0.0,0,71,9.072456664612796,113716.0,-41284.0,-36.3
"4615-138th-Pl,-Lubbock,-TX-79424","4615 138th Pl, Lubbock, TX 79424",79424,Single Family,New Construction,4,3.0,2311,7405,2026,550000,90,237.99,0.3121,1,0.0,0,0,8.909910726701899,402658.0,-147342.0,-36.6
"4002-97th-St,-Lubbock,-TX-79423","4002 97th St, Lubbock, TX 79423",79423,Single Family,Standard,3,2.0,1822,7405,1985,299999,116,164.65,0.246,1,0.0,0,41,8.909910726701899,219039.0,-80960.0,-37.0
"4403-18th-St,-Lubbock,-TX-79416","4403 18th St, Lubbock, TX 79416",79416,Single Family,Standard,3,2.0,1952,19166,1953,249777,123,127.96,0.1018,1,0.0,0,73,9.860893154903707,180212.0,-69565.0,-38.6
"2616-38th-St,-Lubbock,-TX-79413","2616 38th St, Lubbock, TX 79413",79413,Single Family,Standard,2,1.0,884,7841,1950,130000,163,147.06,0.1127,1,0.0,0,76,8.967121656230923,93505.0,-36495.0,-39.0
"1624-70th-St,-Lubbock,-TX-79412","1624 70th St, Lubbock, TX 79412",79412,Single Family,Standard,3,2.0,1283,6970,1965,169000,94,131.72,0.1841,1,0.0,0,61,8.84937050375457,119687.0,-49313.0,-41.2
"2314-35th-St,-Lubbock,-TX-79412","2314 35th St, Lubbock, TX 79412",79412,Single Family,Standard,2,1.0,968,7405,1950,125000,167,129.13,0.1307,1,0.0,0,76,8.909910726701899,88271.0,-36729.0,-41.6
"1908-47th-St,-Lubbock,-TX-79412","1908 47th St, Lubbock, TX 79412",79412,Single Family,Standard,3,2.0,1296,7841,1953,159900,150,123.38,0.1653,2,-3.03,1,73,8.967121656230923,111273.0,-48627.0,-43.7
"2114-27th-St,-Lubbock,-TX-79411","2114 27th St, Lubbock, TX 79411",79411,Single Family,Standard,2,1.0,1105,6970,1929,105000,95,95.02,0.1585,1,0.0,0,97,8.84937050375457,72594.0,-32406.0,-44.6
"3304-Itasca-St,-Lubbock,-TX-79415","3304 Itasca St, Lubbock, TX 79415",79415,Single Family,Standard,3,1.0,1027,6970,1955,135000,147,131.45,0.1473,1,0.0,0,71,8.84937050375457,93040.0,-41960.0,-45.1
"2316-48th-St,-Lubbock,-TX-79412","2316 48th St, Lubbock, TX 79412",79412,Single Family,Standard,4,1.0,1304,7841,1955,165000,100,126.53,0.1663,2,137.41,0,71,8.967121656230923,113373.0,-51627.0,-45.5
"2210-26th-St,-Lubbock,-TX-79411","2210 26th St, Lubbock, TX 79411",79411,Single Family,Standard,2,1.0,880,6970,1939,98000,247,111.36,0.1263,1,0.0,0,87,8.84937050375457,67201.0,-30799.0,-45.8
"2412-N-Ave-O,-Lubbock,-TX-79403","2412 N Ave O, Lubbock, TX 79403",79403,Single Family,Standard,3,2.0,1323,5227,2022,220000,133,166.29,0.2531,1,0.0,0,4,8.561592778712923,150296.0,-69704.0,-46.4
"5521-1st-Pl,-Lubbock,-TX-79416","5521 1st Pl, Lubbock, TX 79416",79416,Single Family,Standard,3,2.0,1385,6970,1972,208500,104,150.54,0.1987,1,0.0,0,54,8.84937050375457,142257.0,-66243.0,-46.6
"8305-4th-St,-Lubbock,-TX-79416","8305 4th St, Lubbock, TX 79416",79416,Single Family,Standard,3,2.0,1927,213880,1968,299950,299,155.66,0.009,1,0.0,0,58,12.273170389062669,196296.0,-103654.0,-52.8
"6018-116th-St,-Lubbock,-TX-79424","6018 116th St, Lubbock, TX 79424",79424,Single Family,Standard,3,2.0,2000,40075,1986,385000,131,192.5,0.0499,1,0.0,0,40,10.598507977477754,251359.0,-133641.0,-53.2
"8810-N-FM-1264,-Lubbock,-TX-79415","8810 N FM 1264, Lubbock, TX 79415",79415,Single Family,Standard,3,2.0,2226,52272,1969,350000,91,157.23,0.0426,1,0.0,0,57,10.864216133840852,221422.0,-128578.0,-58.1
"2215-29th-St,-Lubbock,-TX-79411","2215 29th St, Lubbock, TX 79411",79411,Single Family,Standard,2,1.0,974,8276,1940,115800,116,118.89,0.1177,1,0.0,0,86,9.021115038865434,71880.0,-43920.0,-61.1
"3506-N-Elm-Ave,-Lubbock,-TX-79403","3506 N Elm Ave, Lubbock, TX 79403",79403,Single Family,Standard,3,2.0,1092,12197,1952,135000,112,123.63,0.0895,2,12.5,0,74,9.40894529884324,80620.0,-54380.0,-67.5
"4217-E-63rd-St,-Lubbock,-TX-79403","4217 E 63rd St, Lubbock, TX 79403",79403,Single Family,Standard,3,2.5,1205,7405,1953,158000,306,131.12,0.1627,1,0.0,0,73,8.909910726701899,87296.0,-70704.0,-81.0
"2119-31st-St,-Lubbock,-TX-79411","2119 31st St, Lubbock, TX 79411",79411,Single Family,Standard,2,1.0,832,6970,1940,125000,167,150.24,0.1194,1,0.0,0,86,8.84937050375457,65598.0,-59402.0,-90.6
"1904-28th-St,-Lubbock,-TX-79411","1904 28th St, Lubbock, TX 79411",79411,Single Family,Standard,4,3.0,1944,8276,1940,269000,263,138.37,0.2349,2,-2.15,1,86,9.021115038865434,134255.0,-134745.0,-100.4
"4212-FM-179,-Lubbock,-TX-79407","4212 FM 179, Lubbock, TX 79407",79407,Single Family,Standard,3,2.0,2344,82764,1956,537966,108,229.51,0.0283,2,-7.14,1,70,11.323748463219292,249869.0,-288097.0,-115.3
"2601-25th-St,-Lubbock,-TX-79410","2601 25th St, Lubbock, TX 79410",79410,Single Family,Standard,3,2.0,2023,7841,1940,620000,187,306.48,0.258,1,0.0,0,86,8.967121656230923,261597.0,-358403.0,-137.0
