id,formattedAddress,zipCode,propertyType,listingType,bedrooms,bathrooms,squareFootage,lotSize,yearBuilt,price,daysOnMarket,pricePerSqft,lotRatio,priceEventCount,totalPriceChangePct,priceCuts,ppsfScore,domScore,cutScore,compositeScore,ppsfVsZipMedian,zipCount
"16305-Toledo-Bend-Ct,-Prosper,-TX-75078","16305 Toledo Bend Ct, Prosper, TX 75078",75078,Single Family,Standard,4,2.5,2424.0,6098,2013.0,399000.0,176.0,164.6,0.3975,2.0,-13.26,1.0,99.4,97.0,95.1,97.7,-36.1,473
"5640-Lincolnwood-Dr,-Prosper,-TX-75078","5640 Lincolnwood Dr, Prosper, TX 75078",75078,Single Family,Standard,4,2,2338.0,8102,2009.0,375000.0,186.0,160.39,0.2886,3.0,-9.64,2.0,99.8,97.9,91.1,97.4,-37.7,473
"2920-Clearwater-Dr,-Prosper,-TX-75078","2920 Clearwater Dr, Prosper, TX 75078",75078,Single Family,Standard,5,4,3822.0,7492,2016.0,700000.0,157.0,183.15,0.5101,2.0,-6.67,1.0,95.1,95.1,85.8,93.3,-28.9,473
"1420-Candler-Dr,-Prosper,-TX-75078","1420 Candler Dr, Prosper, TX 75078",75078,Single Family,Standard,4,2.5,3075.0,6621,2015.0,500000.0,111.0,162.6,0.4644,2.0,-11.5,1.0,99.6,84.8,92.8,93.0,-36.8,473
"2490-Stonybrook-Dr,-Prosper,-TX-75078","2490 Stonybrook Dr, Prosper, TX 75078",75078,Single Family,Standard,5,4,4766.0,15246,2015.0,852500.0,110.0,178.87,0.3126,3.0,-22.43,2.0,96.8,83.7,98.7,92.6,-30.5,473
"15505-City-Garden-Ln,-Prosper,-TX-75078","15505 City Garden Ln, Prosper, TX 75078",75078,Single Family,Standard,5,4.5,3691.0,11848,2016.0,775000.0,208.0,209.97,0.3115,2.0,-22.11,1.0,83.9,98.7,98.5,92.0,-18.5,473
"1540-Ashton-Ridge-Dr,-Prosper,-TX-75078","1540 Ashton Ridge Dr, Prosper, TX 75078",75078,Single Family,Standard,3,3.5,4401.0,14985,2020.0,818000.0,81.0,185.87,0.2937,2.0,-14.35,1.0,94.3,73.8,96.4,87.5,-27.8,473
"3141-Sunfish-St,-Prosper,-TX-75078","3141 Sunfish St, Prosper, TX 75078",75078,Single Family,Standard,5,5,3508.0,7100,2023.0,799000.0,279.0,227.77,0.4941,3.0,-32.86,2.0,72.3,99.8,99.6,87.4,-11.5,473
"411-Salada-Dr,-Prosper,-TX-75078","411 Salada Dr, Prosper, TX 75078",75078,Single Family,Standard,4,3.5,3693.0,10019,2015.0,714900.0,89.0,193.58,0.3686,2.0,-13.87,1.0,90.9,76.1,95.6,86.7,-24.8,473
"2310-Red-Cedar-Trl,-Prosper,-TX-75078","2310 Red Cedar Trl, Prosper, TX 75078",75078,Single Family,Standard,4,5,4087.0,8712,2022.0,920000.0,169.0,225.1,0.4691,2.0,-14.42,1.0,74.6,96.0,96.6,86.5,-12.6,473
"4251-Wilson-Creek-Trl,-Prosper,-TX-75078","4251 Wilson Creek Trl, Prosper, TX 75078",75078,Single Family,Standard,5,5,4200.0,10585,2008.0,949000.0,153.0,225.95,0.3968,2.0,-17.41,1.0,73.8,94.3,97.7,85.7,-12.2,473
"1510-Chisholm-Trl,-Prosper,-TX-75078","1510 Chisholm Trl, Prosper, TX 75078",75078,Single Family,Standard,5,3.5,4260.0,12981,2018.0,799998.0,67.0,187.79,0.3282,6.0,-12.57,4.0,93.7,67.7,94.1,84.6,-27.1,473
"2130-Ivywood-Ln,-Prosper,-TX-75078","2130 Ivywood Ln, Prosper, TX 75078",75078,Single Family,Standard,4,4.5,4574.0,10454,2021.0,995000.0,110.0,217.53,0.4375,2.0,-17.08,1.0,78.0,83.7,97.5,83.9,-15.5,473
"4150-Kestrel-St,-Prosper,-TX-75078","4150 Kestrel St, Prosper, TX 75078",75078,Single Family,Standard,5,4,3568.0,6534,2023.0,685000.0,90.0,191.98,0.5461,3.0,-1.44,1.0,91.5,76.7,74.2,82.9,-25.4,473
"890-Wind-Brook-Ln,-Prosper,-TX-75078","890 Wind Brook Ln, Prosper, TX 75078",75078,Single Family,Standard,4,2.5,3097.0,8364,2008.0,625000.0,62.0,201.81,0.3703,2.0,-13.19,1.0,87.9,63.8,94.9,80.9,-21.6,473
"2801-Meadow-Ridge-Dr,-Prosper,-TX-75078","2801 Meadow Ridge Dr, Prosper, TX 75078",75078,Single Family,Standard,5,3.5,3941.0,8146,2010.0,674900.0,244.0,171.25,0.4838,1.0,0.0,0.0,98.5,99.4,6.8,80.5,-33.5,473
"521-Butterfly-Blvd,-Prosper,-TX-75078","521 Butterfly Blvd, Prosper, TX 75078",75078,Single Family,Standard,3,2,2032.0,6534,2015.0,430000.0,75.0,211.61,0.311,2.0,-9.28,1.0,82.2,70.8,90.7,79.9,-17.8,473
"16701-Millenium-Park-Pl,-Prosper,-TX-75078","16701 Millenium Park Pl, Prosper, TX 75078",75078,Single Family,Standard,4,3.5,3305.0,5924,2017.0,599000.0,202.0,181.24,0.5579,1.0,0.0,0.0,96.0,98.5,6.8,79.0,-29.6,473
"761-Arrowhead-Dr,-Prosper,-TX-75078","761 Arrowhead Dr, Prosper, TX 75078",75078,Single Family,Standard,5,4.5,4341.0,11326,2005.0,769000.0,47.0,177.15,0.3833,2.0,-5.53,1.0,97.3,52.2,82.7,78.6,-31.2,473
"520-Devonshire-Dr,-Prosper,-TX-75078","520 Devonshire Dr, Prosper, TX 75078",75078,Single Family,Standard,4,3.5,3641.0,10894,2010.0,749950.0,62.0,205.97,0.3342,3.0,-6.25,2.0,86.0,63.8,84.8,78.0,-20.0,473
"881-Twin-Buttes-Dr,-Prosper,-TX-75078","881 Twin Buttes Dr, Prosper, TX 75078",75078,Single Family,Standard,5,4,4165.0,10019,2012.0,719000.0,139.0,172.63,0.4157,1.0,0.0,0.0,97.7,92.0,6.8,77.5,-33.0,473
"5591-Coventry-Dr,-Prosper,-TX-75078","5591 Coventry Dr, Prosper, TX 75078",75078,Single Family,Standard,4,2,1840.0,7697,2014.0,330000.0,144.0,179.35,0.2391,1.0,0.0,0.0,96.6,92.8,6.8,77.3,-30.3,473
"1405-Snapdragon-Ct,-Prosper,-TX-75078","1405 Snapdragon Ct, Prosper, TX 75078",75078,Single Family,New Construction,4,,2860.0,,0.0,578990.0,50.0,202.44,,18.0,-10.51,9.0,87.5,56.0,91.8,77.3,-21.4,473
"2320-Lewis-Canyon-Dr,-Prosper,-TX-75078","2320 Lewis Canyon Dr, Prosper, TX 75078",75078,Single Family,Standard,4,3.5,4127.0,12197,2016.0,750000.0,148.0,181.73,0.3384,1.0,0.0,0.0,95.8,93.7,6.8,77.2,-29.4,473
"1751-Laurel-Vista-Ct,-Prosper,-TX-75078","1751 Laurel Vista Ct, Prosper, TX 75078",75078,Single Family,Standard,5,4.5,4259.0,14985,2022.0,914999.0,64.0,214.84,0.2842,4.0,-8.04,3.0,79.9,66.2,88.2,76.8,-16.6,473
"4211-Wilson-Creek-Trl,-Prosper,-TX-75078","4211 Wilson Creek Trl, Prosper, TX 75078",75078,Single Family,Standard,4,4.5,3766.0,10062,2010.0,789990.0,61.0,209.77,0.3743,4.0,-5.95,3.0,84.1,63.0,83.9,76.7,-18.5,473
"2412-Grant-Park-Way,-Prosper,-TX-75078","2412 Grant Park Way, Prosper, TX 75078",75078,Single Family,Standard,4,3.5,2704.0,5793,2016.0,509900.0,153.0,188.57,0.4668,1.0,0.0,0.0,93.4,94.3,6.8,76.4,-26.8,473
"461-Highbridge-Ln,-Prosper,-TX-75078","461 Highbridge Ln, Prosper, TX 75078",75078,Single Family,Standard,5,4.5,4486.0,11979,2022.0,940000.0,62.0,209.54,0.3745,2.0,-3.09,1.0,84.8,63.8,78.2,76.1,-18.6,473
"509-E-3rd-St,-Prosper,-TX-75078","509 E 3rd St, Prosper, TX 75078",75078,Single Family,Standard,0,1,831.0,7405,1925.0,199000.0,90.0,239.47,0.1122,2.0,-33.67,1.0,63.0,76.7,99.8,75.2,-7.0,473
"1001-Bridgeport-Ln,-Prosper,-TX-75078","1001 Bridgeport Ln, Prosper, TX 75078",75078,Single Family,Standard,4,2.5,3670.0,13939,2005.0,739900.0,182.0,201.61,0.2633,1.0,0.0,0.0,88.2,97.7,6.8,75.2,-21.7,473
"970-Speargrass-Ln,-Prosper,-TX-75078","970 Speargrass Ln, Prosper, TX 75078",75078,Single Family,Standard,4,2.5,3242.0,7144,2020.0,624990.0,42.0,192.78,0.4538,3.0,-10.59,2.0,91.1,44.8,92.0,75.1,-25.1,473
"16133-Plum-Ct,-Prosper,-TX-75078","16133 Plum Ct, Prosper, TX 75078",75078,Single Family,Standard,5,4,3841.0,5881,2018.0,649900.0,35.0,169.2,0.6531,2.0,-7.01,1.0,98.7,38.3,86.5,75.1,-34.3,473
"3800-Ironwood-Dr,-Prosper,-TX-75078","3800 Ironwood Dr, Prosper, TX 75078",75078,Single Family,Standard,4,3.5,3665.0,8364,2021.0,875000.0,97.0,238.74,0.4382,4.0,-10.26,3.0,63.8,79.7,91.5,74.9,-7.3,473
"791-Cavitt-Ct,-Prosper,-TX-75078","791 Cavitt Ct, Prosper, TX 75078",75078,Single Family,Standard,3,2.5,1815.0,2222,2022.0,450000.0,167.0,247.93,0.8168,2.0,-2.15,1.0,58.1,95.6,75.9,74.8,-3.7,473
"631-Table-Rock-Dr,-Prosper,-TX-75078","631 Table Rock Dr, Prosper, TX 75078",75078,Single Family,Standard,4,3.5,3009.0,11326,2004.0,499999.0,102.0,166.17,0.2657,1.0,0.0,0.0,99.2,81.2,6.8,74.4,-35.5,473
"630-Table-Rock-Dr,-Prosper,-TX-75078","630 Table Rock Dr, Prosper, TX 75078",75078,Single Family,Standard,5,4,3743.0,12632,2003.0,675000.0,104.0,180.34,0.2963,1.0,0.0,0.0,96.2,82.7,6.8,73.6,-30.0,473
"831-Texcoco-Dr,-Prosper,-TX-75078","831 Texcoco Dr, Prosper, TX 75078",75078,Single Family,Standard,4,4,3810.0,11761,2005.0,780000.0,166.0,204.72,0.324,1.0,0.0,0.0,86.5,95.3,6.8,73.6,-20.5,473
"4517-Lamplights-Dr,-Prosper,-TX-75078","4517 Lamplights Dr, Prosper, TX 75078",75078,Single Family,New Construction,3,2.5,2249.0,2919,2025.0,390990.0,27.0,173.85,0.7705,4.0,-12.72,2.0,97.5,29.2,94.5,73.0,-32.5,473
"2130-Nocona-Dr,-Prosper,-TX-75078","2130 Nocona Dr, Prosper, TX 75078",75078,Single Family,Standard,6,3.5,4501.0,11674,2013.0,840000.0,103.0,186.63,0.3856,1.0,0.0,0.0,94.1,81.8,6.8,72.3,-27.5,473
"201-Kingsbury-Ln,-Prosper,-TX-75078","201 Kingsbury Ln, Prosper, TX 75078",75078,Single Family,Standard,5,4,4083.0,10890,2017.0,849950.0,140.0,208.17,0.3749,1.0,0.0,0.0,85.6,92.4,6.8,72.2,-19.2,473
"1001-Jessica-Ln,-Prosper,-TX-75078","1001 Jessica Ln, Prosper, TX 75078",75078,Single Family,Standard,5,4.5,4668.0,14810,2014.0,975000.0,144.0,208.87,0.3152,1.0,0.0,0.0,85.0,92.8,6.8,72.1,-18.9,473
"16501-Stillhouse-Hollow-Ct,-Prosper,-TX-75078","16501 Stillhouse Hollow Ct, Prosper, TX 75078",75078,Single Family,Standard,4,3.5,2704.0,5619,2016.0,529000.0,43.0,195.64,0.4812,2.0,-1.86,1.0,89.4,47.6,75.7,72.0,-24.0,473
"2130-Lassen-Dr,-Prosper,-TX-75078","2130 Lassen Dr, Prosper, TX 75078",75078,Single Family,Standard,5,4.5,5060.0,19428,2022.0,1150000.0,52.0,227.27,0.2604,2.0,-11.54,1.0,73.2,58.1,93.0,71.9,-11.7,473
"15933-Perdido-Creek-Trl,-Prosper,-TX-75078","15933 Perdido Creek Trl, Prosper, TX 75078",75078,Single Family,Standard,4,3.5,3311.0,7231,2016.0,558000.0,78.0,168.53,0.4579,1.0,0.0,0.0,98.9,73.4,6.8,71.6,-34.5,473
"1000-Sycamore-Pl,-Prosper,-TX-75078","1000 Sycamore Pl, Prosper, TX 75078",75078,Single Family,Standard,5,4,4012.0,10585,2022.0,944000.0,70.0,235.29,0.379,2.0,-5.51,1.0,67.7,70.4,82.2,71.5,-8.6,473
"16304-Toledo-Bend-Ct,-Prosper,-TX-75078","16304 Toledo Bend Ct, Prosper, TX 75078",75078,Single Family,Standard,4,2,2185.0,5663,2012.0,424999.0,110.0,194.51,0.3858,1.0,0.0,0.0,90.3,83.7,6.8,71.3,-24.5,473
"900-Blue-Ridge-Dr,-Prosper,-TX-75078","900 Blue Ridge Dr, Prosper, TX 75078",75078,Single Family,Standard,5,4.5,4515.0,10977,2013.0,949999.0,143.0,210.41,0.4113,1.0,0.0,0.0,83.5,92.6,6.8,71.3,-18.3,473
"2491-Stonybrook-Dr,-Prosper,-TX-75078","2491 Stonybrook Dr, Prosper, TX 75078",75078,Single Family,Standard,4,4,4446.0,10890,2012.0,800000.0,32.0,179.94,0.4083,4.0,-3.03,1.0,96.4,34.9,78.0,71.2,-30.1,473
"1000-Chapala-Ct,-Prosper,-TX-75078","1000 Chapala Ct, Prosper, TX 75078",75078,Single Family,Standard,6,3.5,3072.0,17424,2006.0,599900.0,110.0,195.28,0.1763,1.0,0.0,0.0,89.9,83.7,6.8,71.1,-24.2,473
"2560-Shady-Trl,-Prosper,-TX-75078","2560 Shady Trl, Prosper, TX 75078",75078,Single Family,Standard,4,5,4046.0,9583,2023.0,915000.0,61.0,226.15,0.4222,2.0,-3.68,1.0,73.6,63.0,79.3,71.0,-12.2,473
"16013-Gladewater-Ter,-Prosper,-TX-75078","16013 Gladewater Ter, Prosper, TX 75078",75078,Single Family,Standard,4,3.5,3261.0,5968,2018.0,615000.0,91.0,188.59,0.5464,1.0,0.0,0.0,93.2,78.2,6.8,70.7,-26.8,473
"16005-Crosslake-Ct,-Prosper,-TX-75078","16005 Crosslake Ct, Prosper, TX 75078",75078,Single Family,Standard,4,2.5,2234.0,6578,2014.0,439900.0,104.0,196.91,0.3396,1.0,0.0,0.0,89.0,82.7,6.8,70.3,-23.5,473
"1310-St--Peter-Ln,-Prosper,-TX-75078","1310 St. Peter Ln, Prosper, TX 75078",75078,Single Family,New Construction,5,,3896.0,,0.0,885950.0,51.0,227.4,,12.0,-7.03,6.0,72.7,57.9,86.7,70.3,-11.7,473
"3711-Rosemont-Dr,-Prosper,-TX-75078","3711 Rosemont Dr, Prosper, TX 75078",75078,Townhouse,Standard,3,2.5,1815.0,3354,2022.0,399000.0,176.0,219.83,0.5411,1.0,0.0,0.0,77.6,97.0,6.8,70.2,-14.6,473
"131-Darian-Dr,-Prosper,-TX-75078","131 Darian Dr, Prosper, TX 75078",75078,Single Family,Standard,5,4.5,3750.0,10280,2016.0,739000.0,104.0,197.07,0.3648,1.0,0.0,0.0,88.8,82.7,6.8,70.2,-23.5,473
"2890-Quinton-St,-Prosper,-TX-75078","2890 Quinton St, Prosper, TX 75078",75078,Single Family,Standard,5,3,3081.0,9409,2021.0,649000.0,131.0,210.65,0.3275,1.0,0.0,0.0,83.1,89.9,6.8,70.2,-18.2,473
"16512-Amistad-Ave,-Prosper,-TX-75078","16512 Amistad Ave, Prosper, TX 75078",75078,Single Family,Standard,4,3,2885.0,5663,2015.0,539900.0,88.0,187.14,0.5094,1.0,0.0,0.0,93.9,75.7,6.8,70.1,-27.3,473
"881-Sibyl-Ln,-Prosper,-TX-75078","881 Sibyl Ln, Prosper, TX 75078",75078,Single Family,Standard,4,2,2356.0,22738,2004.0,499000.0,138.0,211.8,0.1036,1.0,0.0,0.0,81.8,91.1,6.8,70.1,-17.7,473
"1611-Chisholm-Trl,-Prosper,-TX-75078","1611 Chisholm Trl, Prosper, TX 75078",75078,Single Family,Standard,4,4.5,4640.0,14854,2015.0,899000.0,29.0,193.75,0.3124,3.0,-8.16,2.0,90.7,32.3,88.6,69.9,-24.8,473
"1120-Golden-Sunset-Ct,-Prosper,-TX-75078","1120 Golden Sunset Ct, Prosper, TX 75078",75078,Single Family,Standard,4,3.5,3009.0,10454,2008.0,650000.0,41.0,216.02,0.2878,4.0,-12.69,2.0,79.1,43.6,94.3,69.7,-16.1,473
"4513-Lamplights-Dr,-Prosper,-TX-75078","4513 Lamplights Dr, Prosper, TX 75078",75078,Single Family,New Construction,3,2.5,2074.0,,0.0,378990.0,26.0,182.73,,2.0,-5.96,1.0,95.3,27.3,84.1,69.3,-29.0,473
"1030-Gentle-Knoll-Ln,-Prosper,-TX-75078","1030 Gentle Knoll Ln, Prosper, TX 75078",75078,Single Family,Standard,5,4,3561.0,6970,2020.0,750000.0,117.0,210.61,0.5109,1.0,0.0,0.0,83.3,86.5,6.8,69.1,-18.2,473
"381-Komron-Ct,-Prosper,-TX-75078","381 Komron Ct, Prosper, TX 75078",75078,Single Family,Standard,4,3,3084.0,10193,2012.0,650000.0,118.0,210.77,0.3026,1.0,0.0,0.0,82.9,87.1,6.8,69.1,-18.1,473
"1300-Brittany-Way,-Prosper,-TX-75078","1300 Brittany Way, Prosper, TX 75078",75078,Single Family,Standard,4,3.5,3612.0,11456,2013.0,897990.0,95.0,248.61,0.3153,2.0,-2.92,1.0,57.3,79.1,77.6,69.0,-3.4,473
"1631-Sunset-Ave,-Prosper,-TX-75078","1631 Sunset Ave, Prosper, TX 75078",75078,Single Family,Standard,4,4.5,3671.0,8276,2021.0,850000.0,54.0,231.54,0.4436,2.0,-5.56,1.0,70.2,59.2,83.1,68.9,-10.1,473
"781-Elm-Park-Dr,-Prosper,-TX-75078","781 Elm Park Dr, Prosper, TX 75078",75078,Single Family,Standard,4,3.5,3389.0,7797,2020.0,690000.0,40.0,203.6,0.4347,2.0,-1.29,1.0,86.9,42.3,74.0,68.7,-20.9,473
"2260-Rainforest-Dr,-Prosper,-TX-75078","2260 Rainforest Dr, Prosper, TX 75078",75078,Single Family,Standard,5,6,4029.0,9148,2022.0,950000.0,49.0,235.79,0.4404,2.0,-13.63,1.0,67.0,54.8,95.3,68.4,-8.4,473
"1501-Kirkwood-Ln,-Prosper,-TX-75078","1501 Kirkwood Ln, Prosper, TX 75078",75078,Single Family,Standard,4,3.5,3229.0,9344,2012.0,685950.0,118.0,212.43,0.3456,1.0,0.0,0.0,81.2,87.1,6.8,68.4,-17.5,473
"15500-City-Garden-Ln,-Prosper,-TX-75078","15500 City Garden Ln, Prosper, TX 75078",75078,Single Family,Standard,4,3,2949.0,9540,2016.0,575000.0,33.0,194.98,0.3091,2.0,-1.71,1.0,90.1,35.7,74.8,68.0,-24.3,473
"1011-Yellowcress-Dr,-Prosper,-TX-75078","1011 Yellowcress Dr, Prosper, TX 75078",75078,Single Family,Standard,3,2.5,2278.0,8128,2016.0,525000.0,189.0,230.47,0.2803,1.0,0.0,0.0,71.5,98.1,6.8,67.8,-10.5,473
"751-Devonshire-Ct,-Prosper,-TX-75078","751 Devonshire Ct, Prosper, TX 75078",75078,Single Family,Standard,4,3.5,3225.0,10062,2016.0,664900.0,29.0,206.17,0.3205,2.0,-8.29,1.0,85.8,32.3,88.8,67.7,-19.9,473
"15604-Governors-Island-Way,-Prosper,-TX-75078","15604 Governors Island Way, Prosper, TX 75078",75078,Single Family,Standard,4,3.5,3505.0,6621,2016.0,669000.0,71.0,190.87,0.5294,1.0,0.0,0.0,92.2,70.6,6.8,67.5,-25.9,473
"1650-Chisholm-Trl,-Prosper,-TX-75078","1650 Chisholm Trl, Prosper, TX 75078",75078,Single Family,Standard,5,4.5,4042.0,13852,2016.0,750000.0,19.0,185.55,0.2918,2.0,-10.61,1.0,94.7,18.4,92.2,67.5,-27.9,473
"1041-Lone-Grove-Ln,-Prosper,-TX-75078","1041 Lone Grove Ln, Prosper, TX 75078",75078,Single Family,Standard,4,3,3291.0,7841,2020.0,799000.0,68.0,242.78,0.4197,2.0,-3.14,1.0,60.9,68.3,78.6,67.0,-5.7,473
"16721-Millenium-Park-Pl,-Prosper,-TX-75078","16721 Millenium Park Pl, Prosper, TX 75078",75078,Single Family,Standard,5,4,3476.0,11413,2016.0,599900.0,14.0,172.58,0.3046,2.0,-9.38,1.0,97.9,13.5,90.9,67.0,-33.0,473
"841-Wind-Brook-Ln,-Prosper,-TX-75078","841 Wind Brook Ln, Prosper, TX 75078",75078,Single Family,Standard,5,3.5,4382.0,14854,2005.0,684999.0,53.0,156.32,0.295,1.0,0.0,0.0,100.0,58.4,6.8,66.8,-39.3,473
"761-Cavitt-Ct,-Prosper,-TX-75078","761 Cavitt Ct, Prosper, TX 75078",75078,Townhouse,Standard,3,2.5,1815.0,3485,2022.0,470000.0,103.0,258.95,0.5208,2.0,-3.09,1.0,49.3,81.8,78.2,66.4,0.6,473
"801-Willowmist-Dr,-Prosper,-TX-75078","801 Willowmist Dr, Prosper, TX 75078",75078,Single Family,Standard,4,4.5,4034.0,14810,2002.0,815000.0,77.0,202.03,0.2724,1.0,0.0,0.0,87.7,72.3,6.8,66.1,-21.5,473
"5621-Crestwood-Dr,-Prosper,-TX-75078","5621 Crestwood Dr, Prosper, TX 75078",75078,Single Family,Standard,3,2,1851.0,6011,2009.0,360000.0,68.0,194.49,0.3079,1.0,0.0,0.0,90.5,68.3,6.8,66.0,-24.5,473
"2921-Renmuir-Dr,-Prosper,-TX-75078","2921 Renmuir Dr, Prosper, TX 75078",75078,Single Family,Standard,4,3,2837.0,7797,2019.0,599900.0,29.0,211.46,0.3639,2.0,-7.69,1.0,82.5,32.3,87.7,66.0,-17.9,473
"2901-Quinton-St,-Prosper,-TX-75078","2901 Quinton St, Prosper, TX 75078",75078,Single Family,Standard,4,3,2317.0,7884,2023.0,639000.0,114.0,275.79,0.2939,2.0,-11.86,1.0,38.1,86.3,93.4,66.0,7.1,473
"980-Waterview-Dr,-Prosper,-TX-75078","980 Waterview Dr, Prosper, TX 75078",75078,Single Family,Standard,4,3,2880.0,10149,2017.0,649900.0,119.0,225.66,0.2838,1.0,0.0,0.0,74.2,88.4,6.8,65.7,-12.4,473
"1140-Broken-Bend-Dr,-Prosper,-TX-75078","1140 Broken Bend Dr, Prosper, TX 75078",75078,Single Family,Standard,4,3.5,4603.0,11456,2005.0,980000.0,97.0,212.9,0.4018,1.0,0.0,0.0,80.8,79.7,6.8,65.6,-17.3,473
"2460-Harpole-Rd,-Prosper,-TX-75078","2460 Harpole Rd, Prosper, TX 75078",75078,Single Family,New Construction,4,4.5,3881.0,,2026.0,899990.0,43.0,231.9,,2.0,-7.88,1.0,69.8,47.6,87.9,65.6,-9.9,473
"1181-Terrace-Manor-Dr,-Prosper,-TX-75078","1181 Terrace Manor Dr, Prosper, TX 75078",75078,Single Family,Standard,4,3.5,4119.0,14593,2004.0,1099999.0,118.0,267.05,0.2823,2.0,-2.22,1.0,44.2,87.1,76.1,65.6,3.7,473
"501-Cloud-View-Ct,-Prosper,-TX-75078","501 Cloud View Ct, Prosper, TX 75078",75078,Single Family,Standard,5,3.5,4499.0,12197,2005.0,835000.0,57.0,185.6,0.3689,1.0,0.0,0.0,94.5,61.7,6.8,65.5,-27.9,473
"760-Walworth-Dr,-Prosper,-TX-75078","760 Walworth Dr, Prosper, TX 75078",75078,Single Family,Standard,4,4,3480.0,8189,2017.0,745000.0,97.0,214.08,0.425,1.0,0.0,0.0,80.1,79.7,6.8,65.3,-16.9,473
"1311-Armstrong-Ln,-Prosper,-TX-75078","1311 Armstrong Ln, Prosper, TX 75078",75078,Single Family,Standard,4,5.5,4334.0,11456,2022.0,1025000.0,174.0,236.5,0.3783,1.0,0.0,0.0,66.8,96.4,6.8,65.2,-8.1,473
"601-Livingston-Dr,-Prosper,-TX-75078","601 Livingston Dr, Prosper, TX 75078",75078,Single Family,Standard,4,4,3883.0,12632,2007.0,739900.0,61.0,190.55,0.3074,1.0,0.0,0.0,92.6,63.0,6.8,65.1,-26.0,473
"1600-Wichita-Dr,-Prosper,-TX-75078","1600 Wichita Dr, Prosper, TX 75078",75078,Single Family,Standard,4,4.5,4637.0,14070,2018.0,1000000.0,96.0,215.66,0.3296,1.0,0.0,0.0,79.5,79.3,6.8,64.9,-16.2,473
"4590-Guthrie-St,-Prosper,-TX-75078","4590 Guthrie St, Prosper, TX 75078",75078,Single Family,Standard,5,5.5,4221.0,9801,2023.0,1149000.0,128.0,272.21,0.4307,2.0,-1.71,1.0,41.2,89.4,74.8,64.8,5.7,473
"710-Calaveras-Ct,-Prosper,-TX-75078","710 Calaveras Ct, Prosper, TX 75078",75078,Single Family,Standard,5,3.5,3834.0,12632,2007.0,735000.0,60.0,191.71,0.3035,1.0,0.0,0.0,91.8,62.4,6.8,64.5,-25.5,473
"1010-Adair-Rd,-Prosper,-TX-75078","1010 Adair Rd, Prosper, TX 75078",75078,Single Family,Standard,4,4,3528.0,6490,2022.0,745000.0,81.0,211.17,0.5436,1.0,0.0,0.0,82.7,73.8,6.8,64.4,-18.0,473
"710-Essex-Dr,-Prosper,-TX-75078","710 Essex Dr, Prosper, TX 75078",75078,Single Family,Standard,5,4.5,4555.0,14375,2009.0,930000.0,68.0,204.17,0.3169,1.0,0.0,0.0,86.7,68.3,6.8,64.3,-20.7,473
"4710-Crossvine-Dr,-Prosper,-TX-75078","4710 Crossvine Dr, Prosper, TX 75078",75078,Single Family,Standard,4,3.5,3101.0,8625,2014.0,659000.0,83.0,212.51,0.3595,1.0,0.0,0.0,81.0,75.1,6.8,64.1,-17.5,473
"1921-Wynne-Ave,-Prosper,-TX-75078","1921 Wynne Ave, Prosper, TX 75078",75078,Single Family,Standard,5,4.5,4680.0,11151,2023.0,1075000.0,37.0,229.7,0.4197,3.0,-6.52,1.0,71.7,40.6,85.6,63.6,-10.8,473
"614-Creek-View-Dr,-Prosper,-TX-75078","614 Creek View Dr, Prosper, TX 75078",75078,Single Family,Standard,4,3.5,3096.0,12502,2001.0,595000.0,55.0,192.18,0.2476,2.0,0.0,0.0,91.3,60.3,6.8,63.5,-25.4,473
"3211-Dufour-Dr,-Prosper,-TX-75078","3211 Dufour Dr, Prosper, TX 75078",75078,Single Family,Standard,4,4,3415.0,12240,2023.0,829000.0,54.0,242.75,0.279,2.0,-2.47,1.0,61.1,59.2,76.5,63.5,-5.7,473
"1730-Sweetwater-Ln,-Prosper,-TX-75078","1730 Sweetwater Ln, Prosper, TX 75078",75078,Single Family,Standard,5,4.5,4714.0,13983,2017.0,1039900.0,92.0,220.6,0.3371,1.0,0.0,0.0,76.7,78.6,6.8,63.4,-14.3,473
"311-Pecan-Trl,-Prosper,-TX-75078","311 Pecan Trl, Prosper, TX 75078",75078,Single Family,Standard,5,4.5,4819.0,13939,2024.0,1389999.0,119.0,288.44,0.3457,2.0,-14.09,1.0,29.2,88.4,95.8,63.2,12.0,473
"16416-Toledo-Bend-Ct,-Prosper,-TX-75078","16416 Toledo Bend Ct, Prosper, TX 75078",75078,Single Family,Standard,4,2.5,2462.0,5663,2013.0,575000.0,119.0,233.55,0.4348,1.0,0.0,0.0,68.7,88.4,6.8,63.2,-9.3,473
"851-White-River-Dr,-Prosper,-TX-75078","851 White River Dr, Prosper, TX 75078",75078,Single Family,Standard,6,4,3663.0,10890,2010.0,699000.0,19.0,190.83,0.3364,2.0,-1.55,1.0,92.4,18.4,74.6,62.9,-25.9,473
"1650-Oakcrest-Dr,-Prosper,-TX-75078","1650 Oakcrest Dr, Prosper, TX 75078",75078,Single Family,Standard,4,4.5,2974.0,8276,2019.0,825000.0,118.0,277.4,0.3594,2.0,-3.51,1.0,37.0,87.1,78.9,62.9,7.7,473
"15813-High-Line-Dr,-Prosper,-TX-75078","15813 High Line Dr, Prosper, TX 75078",75078,Single Family,Standard,4,3,2238.0,5489,2016.0,450000.0,56.0,201.07,0.4077,1.0,0.0,0.0,88.6,60.9,6.8,62.5,-21.9,473
"2610-Stonybrook-Dr,-Prosper,-TX-75078","2610 Stonybrook Dr, Prosper, TX 75078",75078,Single Family,Standard,4,2.5,3631.0,10890,2006.0,769000.0,75.0,211.79,0.3334,2.0,10.01,0.0,82.0,70.8,2.5,62.2,-17.7,473
"3848-Keya-Dr,-Prosper,-TX-75078","3848 Keya Dr, Prosper, TX 75078",75078,Single Family,New Construction,3,2.5,2249.0,,0.0,387990.0,43.0,172.52,,1.0,0.0,0.0,98.1,47.6,6.8,62.1,-33.0,473
"3051-Meadow-Dell-Dr,-Prosper,-TX-75078","3051 Meadow Dell Dr, Prosper, TX 75078",75078,Single Family,Standard,3,3.5,2821.0,7841,2021.0,699990.0,216.0,248.14,0.3598,1.0,0.0,0.0,57.9,98.9,6.8,62.1,-3.6,473
"2029-Long-Park-Ave,-Prosper,-TX-75078","2029 Long Park Ave, Prosper, TX 75078",75078,Single Family,Standard,3,2.5,2248.0,6055,2017.0,500000.0,82.0,222.42,0.3713,1.0,0.0,0.0,76.1,74.2,6.8,61.6,-13.6,473
"400-Trailside-Dr,-Prosper,-TX-75078","400 Trailside Dr, Prosper, TX 75078",75078,Single Family,Standard,4,2.5,3028.0,10019,2014.0,699990.0,99.0,231.17,0.3022,1.0,0.0,0.0,70.6,81.0,6.8,61.5,-10.2,473
"820-Dulaney-Ct,-Prosper,-TX-75078","820 Dulaney Ct, Prosper, TX 75078",75078,Townhouse,Standard,3,2.5,1886.0,2222,2023.0,400000.0,65.0,212.09,0.8488,1.0,0.0,0.0,81.6,67.0,6.8,61.5,-17.6,473
"1410-Binkley-Ave,-Prosper,-TX-75078","1410 Binkley Ave, Prosper, TX 75078",75078,Single Family,Standard,4,4.5,3411.0,12415,2021.0,1025000.0,145.0,300.5,0.2747,2.0,-8.89,1.0,22.8,93.2,89.6,60.8,16.7,473
"1713-Forest-Park-Dr,-Prosper,-TX-75078","1713 Forest Park Dr, Prosper, TX 75078",75078,Single Family,Standard,3,2,2095.0,6621,2016.0,499000.0,117.0,238.19,0.3164,1.0,0.0,0.0,64.7,86.5,6.8,60.7,-7.5,473
"16012-Alvarado-Dr,-Prosper,-TX-75078","16012 Alvarado Dr, Prosper, TX 75078",75078,Single Family,Standard,3,2.5,2417.0,7057,2007.0,535000.0,75.0,221.35,0.3425,2.0,0.0,0.0,76.5,70.8,6.8,60.6,-14.0,473
"1331-Cedar-Springs-Dr,-Prosper,-TX-75078","1331 Cedar Springs Dr, Prosper, TX 75078",75078,Single Family,Standard,4,3,3595.0,15246,2005.0,750000.0,54.0,208.62,0.2358,1.0,0.0,0.0,85.2,59.2,6.8,60.4,-19.0,473
"1717-Tahoe-Trl,-Prosper,-TX-75078","1717 Tahoe Trl, Prosper, TX 75078",75078,Single Family,Standard,3,2,1828.0,9757,2007.0,430000.0,98.0,235.23,0.1874,1.0,0.0,0.0,67.9,80.8,6.8,60.2,-8.6,473
"921-Partridge-Rd,-Prosper,-TX-75078","921 Partridge Rd, Prosper, TX 75078",75078,Single Family,New Construction,5,,4182.0,,0.0,944000.0,27.0,225.73,,9.0,-5.51,4.0,74.0,29.2,82.2,60.0,-12.3,473
"16404-Stillhouse-Hollow-Ct,-Prosper,-TX-75078","16404 Stillhouse Hollow Ct, Prosper, TX 75078",75078,Single Family,Standard,3,2,2063.0,5489,2015.0,420000.0,49.0,203.59,0.3758,1.0,0.0,0.0,87.1,54.8,6.8,59.7,-20.9,473
"1541-Havenbrook-Ln,-Prosper,-TX-75078","1541 Havenbrook Ln, Prosper, TX 75078",75078,Single Family,Standard,4,3.5,3018.0,9975,2013.0,664900.0,20.0,220.31,0.3026,4.0,-8.29,2.0,77.0,20.5,88.8,59.6,-14.4,473
"920-Sabine-Dr,-Prosper,-TX-75078","920 Sabine Dr, Prosper, TX 75078",75078,Single Family,Standard,5,3.5,3551.0,9017,2017.0,1000800.0,77.0,281.84,0.3938,2.0,-12.13,1.0,34.2,72.3,93.7,59.5,9.5,473
"1281-Manfreda-St,-Prosper,-TX-75078","1281 Manfreda St, Prosper, TX 75078",75078,Single Family,Standard,4,3.5,2486.0,6534,2023.0,638000.0,249.0,256.64,0.3805,1.0,0.0,0.0,51.2,99.6,6.8,59.2,-0.3,473
"4250-Mill-Branch-Dr,-Prosper,-TX-75078","4250 Mill Branch Dr, Prosper, TX 75078",75078,Single Family,Standard,5,5.5,3895.0,10411,2021.0,875000.0,19.0,224.65,0.3741,5.0,-12.41,3.0,75.3,18.4,93.9,59.1,-12.8,473
"870-Sagebrush-Dr,-Prosper,-TX-75078","870 Sagebrush Dr, Prosper, TX 75078",75078,Single Family,Standard,4,3.5,3864.0,10019,2014.0,730000.0,42.0,188.92,0.3857,1.0,0.0,0.0,93.0,44.8,6.8,58.9,-26.6,473
"591-Lost-Creek-Dr,-Prosper,-TX-75078","591 Lost Creek Dr, Prosper, TX 75078",75078,Single Family,Standard,5,4,4124.0,10019,2012.0,785000.0,42.0,190.35,0.4116,1.0,0.0,0.0,92.8,44.8,6.8,58.8,-26.1,473
"16116-Plum-Ct,-Prosper,-TX-75078","16116 Plum Ct, Prosper, TX 75078",75078,Single Family,Standard,4,3,2396.0,6229,2017.0,519900.0,61.0,216.99,0.3847,1.0,0.0,0.0,78.4,63.0,6.8,58.7,-15.7,473
"1461-Ramsbury-Ln,-Prosper,-TX-75078","1461 Ramsbury Ln, Prosper, TX 75078",75078,Single Family,Standard,5,4,4225.0,12197,2017.0,949900.0,65.0,224.83,0.3464,1.0,0.0,0.0,74.8,67.0,6.8,58.5,-12.7,473
"4090-Pequin-Dr,-Prosper,-TX-75078","4090 Pequin Dr, Prosper, TX 75078",75078,Townhouse,Standard,3,3,2078.0,2788,2017.0,450000.0,58.0,216.55,0.7453,1.0,0.0,0.0,78.9,61.9,6.8,58.5,-15.9,473
"3093-Eleanor-Dr,-Prosper,-TX-75078","3093 Eleanor Dr, Prosper, TX 75078",75078,Single Family,New Construction,3,,2301.0,,0.0,577990.0,47.0,251.19,,24.0,-2.86,11.0,55.0,52.2,77.2,58.4,-2.4,473
"2841-Meadow-Ridge-Dr,-Prosper,-TX-75078","2841 Meadow Ridge Dr, Prosper, TX 75078",75078,Single Family,Standard,5,5,5442.0,12632,2008.0,1249000.0,69.0,229.51,0.4308,1.0,0.0,0.0,72.1,69.6,6.8,58.1,-10.9,473
"1011-Three-Rivers-Dr,-Prosper,-TX-75078","1011 Three Rivers Dr, Prosper, TX 75078",75078,Single Family,Standard,4,4.5,4572.0,21344,2005.0,1050000.0,68.0,229.66,0.2142,1.0,0.0,0.0,71.9,68.3,6.8,57.6,-10.8,473
"4251-Mesa-Dr,-Prosper,-TX-75078","4251 Mesa Dr, Prosper, TX 75078",75078,Single Family,Standard,5,5,4273.0,10019,2014.0,999999.0,77.0,234.03,0.4265,1.0,0.0,0.0,68.5,72.3,6.8,57.5,-9.1,473
"2331-Rolling-Vista-Ln,-Prosper,-TX-75078","2331 Rolling Vista Ln, Prosper, TX 75078",75078,Single Family,Standard,5,5,3989.0,9148,2022.0,949900.0,90.0,238.13,0.4361,1.0,0.0,0.0,64.9,76.7,6.8,57.4,-7.5,473
"830-Dover-Dr,-Prosper,-TX-75078","830 Dover Dr, Prosper, TX 75078",75078,Single Family,Standard,4,3,3025.0,8538,2019.0,700000.0,69.0,231.4,0.3543,1.0,0.0,0.0,70.4,69.6,6.8,57.4,-10.1,473
"2831-Winfrey-Point-St,-Prosper,-TX-75078","2831 Winfrey Point St, Prosper, TX 75078",75078,Single Family,New Construction,4,4,3438.0,6098,2026.0,799000.0,26.0,232.4,0.5638,2.0,-5.89,1.0,69.1,27.3,83.7,57.4,-9.7,473
"2541-Forestbrook-Dr,-Prosper,-TX-75078","2541 Forestbrook Dr, Prosper, TX 75078",75078,Single Family,Standard,4,4.5,3882.0,8276,2024.0,999000.0,148.0,257.34,0.4691,1.0,0.0,0.0,50.3,93.7,6.8,56.8,-0.1,473
"4020-Gambel-Rd,-Prosper,-TX-75078","4020 Gambel Rd, Prosper, TX 75078",75078,Single Family,Standard,5,5.5,4298.0,9932,2024.0,1069000.0,112.0,248.72,0.4327,1.0,0.0,0.0,56.9,85.4,6.8,56.8,-3.4,473
"821-Kiowa-Dr,-Prosper,-TX-75078","821 Kiowa Dr, Prosper, TX 75078",75078,Single Family,Standard,4,3.5,4187.0,11326,2007.0,929900.0,55.0,222.09,0.3697,1.0,0.0,0.0,76.3,60.3,6.8,56.8,-13.7,473
"920-Waterview-Dr,-Prosper,-TX-75078","920 Waterview Dr, Prosper, TX 75078",75078,Single Family,Standard,5,3.5,4490.0,9017,2020.0,800000.0,30.0,178.17,0.4979,1.0,0.0,0.0,97.0,33.6,6.8,56.8,-30.8,473
"2890-Bluegill-Ln,-Prosper,-TX-75078","2890 Bluegill Ln, Prosper, TX 75078",75078,Single Family,Standard,4,3.5,3448.0,6621,2020.0,795000.0,19.0,230.57,0.5208,3.0,-9.14,2.0,71.0,18.4,90.3,56.5,-10.5,473
"4350-Bristleleaf-Ln,-Prosper,-TX-75078","4350 Bristleleaf Ln, Prosper, TX 75078",75078,Single Family,Standard,4,4.5,3783.0,12066,2016.0,1075000.0,82.0,284.17,0.3135,2.0,-2.27,1.0,31.7,74.2,76.3,55.5,10.4,473
"2901-Lakeview-Dr,-Prosper,-TX-75078","2901 Lakeview Dr, Prosper, TX 75078",75078,Single Family,Standard,4,4.5,5412.0,44431,2005.0,1799000.0,124.0,332.41,0.1218,3.0,-14.13,2.0,11.4,89.0,96.0,55.5,29.1,473
"1225-Chandler-Cir,-Prosper,-TX-75078","1225 Chandler Cir, Prosper, TX 75078",75078,Single Family,Standard,4,2.5,3091.0,78147,2005.0,1169900.0,180.0,378.49,0.0396,2.0,-24.52,1.0,3.2,97.5,99.4,55.4,47.0,473
"2351-Glen-Heather-Ln,-Prosper,-TX-75078","2351 Glen Heather Ln, Prosper, TX 75078",75078,Single Family,Standard,5,4.5,3918.0,6970,2022.0,850000.0,47.0,216.95,0.5621,1.0,0.0,0.0,78.6,52.2,6.8,55.0,-15.7,473
"930-Shooting-Star-Dr,-Prosper,-TX-75078","930 Shooting Star Dr, Prosper, TX 75078",75078,Single Family,New Construction,4,,3517.0,,0.0,927990.0,45.0,263.86,,12.0,-5.31,5.0,46.3,51.0,81.6,55.0,2.5,473
"1160-Arlong-Park-Dr,-Prosper,-TX-75078","1160 Arlong Park Dr, Prosper, TX 75078",75078,Single Family,New Construction,5,5.5,4014.0,,2026.0,1064900.0,41.0,265.3,,3.0,-14.19,2.0,45.2,43.6,96.2,54.8,3.0,473
"4351-Berylline-Ln,-Prosper,-TX-75078","4351 Berylline Ln, Prosper, TX 75078",75078,Single Family,Standard,6,4.5,3764.0,10106,2024.0,879000.0,62.0,233.53,0.3725,1.0,0.0,0.0,68.9,63.8,6.8,54.7,-9.3,473
"660-Neale-St,-Prosper,-TX-75078","660 Neale St, Prosper, TX 75078",75078,Single Family,Standard,5,4.5,4212.0,12763,2022.0,1089800.0,40.0,258.74,0.33,3.0,-7.64,2.0,49.5,42.3,87.5,54.6,0.5,473
"2150-Bryn-Mawr-Dr,-Prosper,-TX-75078","2150 Bryn Mawr Dr, Prosper, TX 75078",75078,Single Family,Standard,4,5.5,4492.0,10454,2021.0,1325000.0,102.0,294.97,0.4297,3.0,-1.47,1.0,24.9,81.2,74.4,54.5,14.6,473
"9A-Rhea-Mills-Cir,-Prosper,-TX-75078","9A Rhea Mills Cir, Prosper, TX 75078",75078,Single Family,Standard,3,2,2391.0,43560,1985.0,625000.0,138.0,261.4,0.0549,3.0,0.81,1.0,47.8,91.1,5.7,54.5,1.5,473
"1430-Havenbrook-Ln,-Prosper,-TX-75078","1430 Havenbrook Ln, Prosper, TX 75078",75078,Single Family,Standard,4,3.5,2749.0,10019,2016.0,635000.0,55.0,230.99,0.2744,1.0,0.0,0.0,70.8,60.3,6.8,54.3,-10.3,473
"1561-Pepperdine-Pl,-Prosper,-TX-75078","1561 Pepperdine Pl, Prosper, TX 75078",75078,Single Family,New Construction,5,4,3941.0,12502,2026.0,924000.0,22.0,234.46,0.3152,2.0,-2.73,1.0,68.1,23.7,77.0,54.3,-8.9,473
"4180-Silver-Spur-Dr,-Prosper,-TX-75078","4180 Silver Spur Dr, Prosper, TX 75078",75078,Single Family,Standard,4,4,3492.0,7275,2021.0,945000.0,174.0,270.62,0.48,1.0,0.0,0.0,41.9,96.4,6.8,53.9,5.1,473
"691-Morning-Star-Ln,-Prosper,-TX-75078","691 Morning Star Ln, Prosper, TX 75078",75078,Single Family,New Construction,5,6.5,4405.0,,2025.0,1247990.0,50.0,283.31,,16.0,-19.05,7.0,32.6,56.0,98.3,53.9,10.0,473
"2058-Wimberley-Dr,-Prosper,-TX-75078","2058 Wimberley Dr, Prosper, TX 75078",75078,Single Family,Standard,4,3,2532.0,6098,2024.0,599000.0,13.0,236.57,0.4152,4.0,-23.22,3.0,66.4,11.6,99.2,53.8,-8.1,473
"1641-Cottonwood-Trl,-Prosper,-TX-75078","1641 Cottonwood Trl, Prosper, TX 75078",75078,Single Family,Standard,4,4.5,3618.0,11761,2020.0,949900.0,125.0,262.55,0.3076,1.0,0.0,0.0,47.1,89.2,6.8,53.8,2.0,473
"303-E-6th-St,-Prosper,-TX-75078","303 E 6th St, Prosper, TX 75078",75078,Single Family,Standard,3,2,1718.0,12197,1984.0,459900.0,152.0,267.69,0.1409,1.0,0.0,0.0,43.1,94.1,6.8,53.7,4.0,473
"1332-Hudson-Ln,-Prosper,-TX-75078","1332 Hudson Ln, Prosper, TX 75078",75078,Single Family,Standard,4,3.5,3183.0,7841,2016.0,669000.0,39.0,210.18,0.4059,1.0,0.0,0.0,83.7,41.6,6.8,53.6,-18.4,473
"1181-Saint-Peter-Ln,-Prosper,-TX-75078","1181 Saint Peter Ln, Prosper, TX 75078",75078,Single Family,Standard,4,3.5,3790.0,15246,2020.0,899000.0,62.0,237.2,0.2486,1.0,0.0,0.0,66.2,63.8,6.8,53.5,-7.9,473
"521-Twilight-Dr,-Prosper,-TX-75078","521 Twilight Dr, Prosper, TX 75078",75078,Single Family,New Construction,5,7,4895.0,11761,2025.0,1339900.0,50.0,273.73,0.4162,3.0,-4.29,2.0,39.5,56.0,80.1,53.4,6.3,473
"1031-Fox-Bend-Way,-Prosper,-TX-75078","1031 Fox Bend Way, Prosper, TX 75078",75078,Single Family,Standard,5,4.5,4933.0,16771,2013.0,1074999.0,12.0,217.92,0.2941,2.0,-0.46,1.0,77.8,10.4,73.6,53.4,-15.4,473
"15513-Bryant-Park-Ave,-Prosper,-TX-75078","15513 Bryant Park Ave, Prosper, TX 75078",75078,Single Family,Standard,4,3,2930.0,8015,2016.0,625000.0,42.0,213.31,0.3656,1.0,0.0,0.0,80.5,44.8,6.8,53.3,-17.2,473
"921-Gladewater-Dr,-Prosper,-TX-75078","921 Gladewater Dr, Prosper, TX 75078",75078,Single Family,Standard,4,4,2770.0,6970,2020.0,679000.0,77.0,245.13,0.3974,1.0,0.0,0.0,58.8,72.3,6.8,53.1,-4.8,473
"4100-Old-Rosebud-Ln,-Prosper,-TX-75078","4100 Old Rosebud Ln, Prosper, TX 75078",75078,Single Family,Standard,5,5.5,4824.0,11108,2022.0,1200000.0,83.0,248.76,0.4343,1.0,0.0,0.0,56.7,75.1,6.8,53.1,-3.4,473
"1310-Crescent-Ln,-Prosper,-TX-75078","1310 Crescent Ln, Prosper, TX 75078",75078,Single Family,Standard,5,4,3598.0,6621,2022.0,835000.0,53.0,232.07,0.5434,1.0,0.0,0.0,69.6,58.4,6.8,53.1,-9.9,473
"15713-Canyon-Rdg,-Prosper,-TX-75078","15713 Canyon Rdg, Prosper, TX 75078",75078,Single Family,Standard,4,3,2926.0,6098,2016.0,599000.0,34.0,204.72,0.4798,1.0,0.0,0.0,86.5,36.6,6.8,53.1,-20.5,473
"2721-Rotherham-St,-Prosper,-TX-75078","2721 Rotherham St, Prosper, TX 75078",75078,Single Family,Standard,4,3.5,2873.0,8494,2023.0,759990.0,128.0,264.53,0.3382,1.0,0.0,0.0,45.5,89.4,6.8,53.1,2.7,473
"15920-Alvarado-Dr,-Prosper,-TX-75078","15920 Alvarado Dr, Prosper, TX 75078",75078,Single Family,Standard,3,2.5,2431.0,4400,2006.0,419000.0,20.0,172.36,0.5525,1.0,0.0,0.0,98.3,20.5,6.8,52.8,-33.1,473
"961-Gladewater-Dr,-Prosper,-TX-75078","961 Gladewater Dr, Prosper, TX 75078",75078,Single Family,Standard,4,3,2936.0,6970,2020.0,729900.0,77.0,248.6,0.4212,1.0,0.0,0.0,57.5,72.3,6.8,52.5,-3.4,473
"3851-Sand-Lily-Ln,-Prosper,-TX-75078","3851 Sand Lily Ln, Prosper, TX 75078",75078,Townhouse,Standard,2,2,1559.0,3485,2021.0,425000.0,146.0,272.61,0.4473,1.0,0.0,0.0,40.8,93.4,6.8,52.4,5.9,473
"901-Fallkirk-Dr,-Prosper,-TX-75078","901 Fallkirk Dr, Prosper, TX 75078",75078,Single Family,New Construction,5,5.5,4290.0,,2026.0,975400.0,45.0,227.37,,1.0,0.0,0.0,72.9,51.0,6.8,52.0,-11.7,473
"840-Moorland-Pass-Dr,-Prosper,-TX-75078","840 Moorland Pass Dr, Prosper, TX 75078",75078,Single Family,Standard,4,3,3258.0,7148,2021.0,795000.0,65.0,244.01,0.4558,1.0,0.0,0.0,60.0,67.0,6.8,51.8,-5.2,473
"1501-Winchester-Dr,-Prosper,-TX-75078","1501 Winchester Dr, Prosper, TX 75078",75078,Single Family,Standard,4,4.5,4575.0,15072,2015.0,1100000.0,62.0,240.44,0.3035,1.0,0.0,0.0,62.4,63.8,6.8,51.8,-6.6,473
"1130-Arlong-Park-Dr,-Prosper,-TX-75078","1130 Arlong Park Dr, Prosper, TX 75078",75078,Single Family,New Construction,5,5.5,4470.0,,2026.0,1199900.0,42.0,268.43,,3.0,-6.23,2.0,42.7,44.8,84.6,51.8,4.3,473
"2491-Meadowbrook-Blvd,-Prosper,-TX-75078","2491 Meadowbrook Blvd, Prosper, TX 75078",75078,Single Family,Standard,4,3.5,3499.0,8276,2020.0,850000.0,63.0,242.93,0.4228,1.0,0.0,0.0,60.7,66.0,6.8,51.7,-5.7,473
"3941-Dalea-Dr,-Prosper,-TX-75078","3941 Dalea Dr, Prosper, TX 75078",75078,Townhouse,Standard,2,2,1379.0,2788,2019.0,450000.0,110.0,326.32,0.4946,2.0,-5.26,1.0,13.1,83.7,81.4,51.5,26.7,473
"12B-Rhea-Mills-Cir,-Prosper,-TX-75078","12B Rhea Mills Cir, Prosper, TX 75078",75078,Single Family,Standard,3,2.5,2268.0,,1984.0,499000.0,41.0,220.02,,1.0,0.0,0.0,77.2,43.6,6.8,51.3,-14.5,473
"560-Featherstone-Ln,-Prosper,-TX-75078","560 Featherstone Ln, Prosper, TX 75078",75078,Single Family,Standard,5,4,4838.0,15115,2018.0,975000.0,27.0,201.53,0.3201,1.0,0.0,0.0,88.4,29.2,6.8,51.3,-21.7,473
"1001-Willowgate-Dr,-Prosper,-TX-75078","1001 Willowgate Dr, Prosper, TX 75078",75078,Single Family,Standard,5,4.5,3812.0,16117,2002.0,698990.0,20.0,183.37,0.2365,1.0,0.0,0.0,94.9,20.5,6.8,51.2,-28.8,473
"810-Country-Brook-Ln,-Prosper,-TX-75078","810 Country Brook Ln, Prosper, TX 75078",75078,Single Family,Standard,4,3,2981.0,11500,2019.0,825000.0,42.0,276.75,0.2592,3.0,-10.81,2.0,37.4,44.8,92.4,51.0,7.5,473
"4630-Summerville-Ln,-Prosper,-TX-75078","4630 Summerville Ln, Prosper, TX 75078",75078,Single Family,Standard,4,5,3871.0,12023,2022.0,1350000.0,103.0,348.75,0.322,2.0,-17.93,1.0,5.9,81.8,97.9,50.9,35.4,473
"971-Fallkirk-Dr,-Prosper,-TX-75078","971 Fallkirk Dr, Prosper, TX 75078",75078,Single Family,New Construction,5,5,4231.0,,2026.0,983190.0,46.0,232.38,,1.0,0.0,0.0,69.3,51.6,6.8,50.6,-9.7,473
"Bridges-Drive-&-Crescent-Ln,-Prosper,-TX-75078","Bridges Drive & Crescent Ln, Prosper, TX 75078",75078,Single Family,New Construction,4,,3422.0,,0.0,778990.0,43.0,227.64,,1.0,0.0,0.0,72.5,47.6,6.8,50.6,-11.6,473
"2201-Arbol-Way,-Prosper,-TX-75078","2201 Arbol Way, Prosper, TX 75078",75078,Single Family,Standard,4,3.5,4445.0,10106,2013.0,810000.0,18.0,182.23,0.4398,1.0,0.0,0.0,95.6,17.8,6.8,50.6,-29.2,473
"850-Woodview-Dr,-Prosper,-TX-75078","850 Woodview Dr, Prosper, TX 75078",75078,Single Family,Standard,3,2,2110.0,8102,2009.0,579000.0,132.0,274.41,0.2604,1.0,0.0,0.0,38.7,90.5,6.8,50.4,6.6,473
"182-Springbrook-Dr,-Prosper,-TX-75078","182 Springbrook Dr, Prosper, TX 75078",75078,Single Family,Standard,5,4.5,4053.0,10019,2012.0,824900.0,26.0,203.53,0.4045,1.0,0.0,0.0,87.3,27.3,6.8,50.2,-21.0,473
"831-Orchard-Dr,-Prosper,-TX-75078","831 Orchard Dr, Prosper, TX 75078",75078,Single Family,Standard,5,4.5,3880.0,7797,2019.0,836000.0,34.0,215.46,0.4976,1.0,0.0,0.0,79.7,36.6,6.8,50.0,-16.3,473
"991-Caribou-Dr,-Prosper,-TX-75078","991 Caribou Dr, Prosper, TX 75078",75078,Single Family,Standard,3,3,3226.0,14810,2012.0,874900.0,113.0,271.2,0.2178,1.0,0.0,0.0,41.4,85.6,6.8,50.0,5.3,473
"2720-Acie-Ln,-Prosper,-TX-75078","2720 Acie Ln, Prosper, TX 75078",75078,Single Family,New Construction,5,5.5,4065.0,,2026.0,968705.0,14.0,238.3,,2.0,-4.81,1.0,64.5,13.5,81.0,49.9,-7.4,473
"2971-Mockingbird-Ln,-Prosper,-TX-75078","2971 Mockingbird Ln, Prosper, TX 75078",75078,Single Family,New Construction,5,,3505.0,,0.0,924900.0,34.0,263.88,,5.0,-5.13,2.0,46.1,36.6,81.2,49.8,2.5,473
"4101-Kestrel-St,-Prosper,-TX-75078","4101 Kestrel St, Prosper, TX 75078",75078,Single Family,Standard,5,4,3450.0,7013,2024.0,769000.0,6.0,222.9,0.4919,2.0,-0.13,1.0,75.7,3.2,73.2,49.8,-13.4,473
"4080-Chimney-Rock-Dr,-Prosper,-TX-75078","4080 Chimney Rock Dr, Prosper, TX 75078",75078,Single Family,Standard,5,5.5,5193.0,12589,2009.0,1250000.0,53.0,240.71,0.4125,1.0,0.0,0.0,61.7,58.4,6.8,49.6,-6.5,473
"1208-Chandler-Cir,-Prosper,-TX-75078","1208 Chandler Cir, Prosper, TX 75078",75078,Single Family,Standard,4,3,3316.0,44083,1998.0,1129999.0,117.0,340.77,0.0752,2.0,-1.74,1.0,9.5,86.5,75.3,49.6,32.3,473
"2961-Mockingbird-Ln,-Prosper,-TX-75078","2961 Mockingbird Ln, Prosper, TX 75078",75078,Single Family,New Construction,4,,3259.0,,0.0,774000.0,50.0,237.5,,10.0,13.99,4.0,65.8,56.0,1.3,49.5,-7.8,473
"2044-Montgomery-Ln,-Prosper,-TX-75078","2044 Montgomery Ln, Prosper, TX 75078",75078,Single Family,New Construction,4,3,2600.0,6098,2025.0,615000.0,45.0,236.54,0.4264,1.0,0.0,0.0,66.6,51.0,6.8,49.2,-8.1,473
"701-Featherstone-Ln,-Prosper,-TX-75078","701 Featherstone Ln, Prosper, TX 75078",75078,Single Family,Standard,6,4,4950.0,15507,2020.0,1250000.0,67.0,252.53,0.3192,1.0,0.0,0.0,53.5,67.7,6.8,49.1,-1.9,473
"1580-Star-Creek-Dr,-Prosper,-TX-75078","1580 Star Creek Dr, Prosper, TX 75078",75078,Single Family,Standard,3,2,2105.0,9148,2018.0,575000.0,111.0,273.16,0.2301,1.0,0.0,0.0,40.2,84.8,6.8,49.1,6.1,473
"260-St-Mark-Ln,-Prosper,-TX-75078","260 St Mark Ln, Prosper, TX 75078",75078,Single Family,Standard,4,3.5,3559.0,10890,2017.0,889900.0,62.0,250.04,0.3268,1.0,0.0,0.0,56.2,63.8,6.8,49.0,-2.9,473
"1301-Packsaddle-Trl,-Prosper,-TX-75078","1301 Packsaddle Trl, Prosper, TX 75078",75078,Single Family,Standard,4,4,4290.0,10960,2013.0,899000.0,26.0,209.56,0.3914,1.0,0.0,0.0,84.6,27.3,6.8,49.0,-18.6,473
"1540-Fairmont-Dr,-Prosper,-TX-75078","1540 Fairmont Dr, Prosper, TX 75078",75078,Single Family,New Construction,4,5,4125.0,10616,2025.0,1050000.0,20.0,254.55,0.3886,3.0,-9.94,2.0,52.4,20.5,91.3,49.0,-1.1,473
"310-Orion-Dr,-Prosper,-TX-75078","310 Orion Dr, Prosper, TX 75078",75078,Single Family,New Construction,5,6.5,4663.0,,2026.0,1374300.0,50.0,294.72,,2.0,-9.07,1.0,25.2,56.0,90.1,48.9,14.5,473
"441-Centenary-Dr,-Prosper,-TX-75078","441 Centenary Dr, Prosper, TX 75078",75078,Single Family,Standard,4,3.5,3598.0,15246,2020.0,1099000.0,62.0,305.45,0.236,2.0,-6.47,1.0,20.3,63.8,85.2,48.5,18.6,473
"1950-Foxglen-Dr,-Prosper,-TX-75078","1950 Foxglen Dr, Prosper, TX 75078",75078,Single Family,Standard,4,4.5,2603.0,8102,2019.0,715000.0,111.0,274.68,0.3213,1.0,0.0,0.0,38.3,84.8,6.8,48.2,6.7,473
"961-Cliff-Creek-Dr,-Prosper,-TX-75078","961 Cliff Creek Dr, Prosper, TX 75078",75078,Single Family,Standard,5,6.5,5480.0,26223,2017.0,1999999.0,97.0,364.96,0.209,2.0,-9.05,1.0,4.4,79.7,89.9,47.9,41.7,473
"731-Country-Brook-Ln,-Prosper,-TX-75078","731 Country Brook Ln, Prosper, TX 75078",75078,Single Family,Standard,4,4.5,3553.0,10803,2020.0,1395000.0,138.0,392.63,0.3289,2.0,-1.75,1.0,1.9,91.1,75.5,47.8,52.5,473
"5501-Manitou-Dr,-Prosper,-TX-75078","5501 Manitou Dr, Prosper, TX 75078",75078,Single Family,Standard,4,2,2279.0,6795,2008.0,475000.0,21.0,208.42,0.3354,1.0,0.0,0.0,85.4,22.6,6.8,47.7,-19.1,473
"2631-Winfrey-Point-St,-Prosper,-TX-75078","2631 Winfrey Point St, Prosper, TX 75078",75078,Single Family,New Construction,4,3,3287.0,6098,2026.0,829000.0,19.0,252.21,0.539,3.0,-5.69,2.0,53.9,18.4,83.5,47.4,-2.0,473
"15805-Canyon-Rdg,-Prosper,-TX-75078","15805 Canyon Rdg, Prosper, TX 75078",75078,Single Family,Standard,4,3,2049.0,6098,2016.0,549900.0,89.0,268.37,0.336,1.0,0.0,0.0,42.9,76.1,6.8,47.3,4.2,473
"3500-Newport-Dr,-Prosper,-TX-75078","3500 Newport Dr, Prosper, TX 75078",75078,Single Family,Standard,5,5,4321.0,10019,2018.0,1124900.0,68.0,260.33,0.4313,1.0,0.0,0.0,48.8,68.3,6.8,47.2,1.1,473
"16429-Stillhouse-Hollow-Ct,-Prosper,-TX-75078","16429 Stillhouse Hollow Ct, Prosper, TX 75078",75078,Single Family,Standard,4,3.5,2554.0,5489,2016.0,499000.0,16.0,195.38,0.4653,1.0,0.0,0.0,89.6,15.4,6.8,47.1,-24.1,473
"180-Crown-Colony-Dr,-Prosper,-TX-75078","180 Crown Colony Dr, Prosper, TX 75078",75078,Single Family,Standard,4,3.5,3561.0,10019,2007.0,679900.0,13.0,190.93,0.3554,1.0,0.0,0.0,92.0,11.6,6.8,46.8,-25.8,473
"1091-Broadmoor-Ln,-Prosper,-TX-75078","1091 Broadmoor Ln, Prosper, TX 75078",75078,Single Family,Standard,5,7.5,7854.0,99273,2006.0,4000000.0,89.0,509.29,0.0791,3.0,-23.08,2.0,0.6,76.1,98.9,46.7,97.8,473
"4300-Old-Rosebud-Ln,-Prosper,-TX-75078","4300 Old Rosebud Ln, Prosper, TX 75078",75078,Single Family,New Construction,4,5.5,3757.0,,2026.0,869900.0,37.0,231.54,,7.0,6.49,3.0,70.2,40.6,3.8,46.6,-10.1,473
"681-Morning-Star-Ln,-Prosper,-TX-75078","681 Morning Star Ln, Prosper, TX 75078",75078,Single Family,New Construction,5,,2959.0,,0.0,889900.0,49.0,300.74,,13.0,-6.81,5.0,22.4,54.8,86.0,46.5,16.8,473
"841-Rosso-Dr,-Prosper,-TX-75078","841 Rosso Dr, Prosper, TX 75078",75078,Single Family,New Construction,4,4.5,3893.0,,2026.0,999990.0,18.0,256.87,,2.0,-7.07,1.0,50.7,17.8,87.1,46.5,-0.2,473
"1000-Speargrass-Ln,-Prosper,-TX-75078","1000 Speargrass Ln, Prosper, TX 75078",75078,Single Family,Standard,5,4,3498.0,7144,2021.0,769000.0,27.0,219.84,0.4896,1.0,0.0,0.0,77.4,29.2,6.8,46.4,-14.6,473
"1341-Cedar-Lake-Dr,-Prosper,-TX-75078","1341 Cedar Lake Dr, Prosper, TX 75078",75078,Single Family,Standard,4,2,2818.0,16553,2005.0,629000.0,28.0,223.21,0.1702,1.0,0.0,0.0,75.5,31.3,6.8,46.3,-13.3,473
"2610-Acie-Ln,-Prosper,-TX-75078","2610 Acie Ln, Prosper, TX 75078",75078,Single Family,New Construction,5,4.5,3474.0,,2026.0,869000.0,50.0,250.14,,1.0,0.0,0.0,56.0,56.0,6.8,46.2,-2.9,473
"291-Williamsburg-Pl,-Prosper,-TX-75078","291 Williamsburg Pl, Prosper, TX 75078",75078,Single Family,New Construction,5,5.5,5967.0,16270,2026.0,1434995.0,44.0,240.49,0.3667,8.0,7.41,2.0,62.2,50.3,3.0,46.2,-6.6,473
"2780-Amber-Ln,-Prosper,-TX-75078","2780 Amber Ln, Prosper, TX 75078",75078,Single Family,New Construction,5,5.5,4124.0,,2026.0,999000.0,4.0,242.24,,2.0,-11.27,1.0,61.3,0.0,92.6,46.1,-5.9,473
"400-Komron-Ct,-Prosper,-TX-75078","400 Komron Ct, Prosper, TX 75078",75078,Single Family,Standard,4,2.5,2540.0,10149,2012.0,649999.0,56.0,255.91,0.2503,1.0,0.0,0.0,51.8,60.9,6.8,46.0,-0.6,473
"4401-Sandhills-Ln,-Prosper,-TX-75078","4401 Sandhills Ln, Prosper, TX 75078",75078,Single Family,Standard,4,4,3532.0,9670,2024.0,885000.0,50.0,250.57,0.3653,1.0,0.0,0.0,55.6,56.0,6.8,46.0,-2.7,473
"4511-Walnut-Grove-Ln,-Prosper,-TX-75078","4511 Walnut Grove Ln, Prosper, TX 75078",75078,Single Family,Standard,5,3.5,3583.0,12153,2022.0,999000.0,27.0,278.82,0.2948,3.0,-16.68,2.0,36.4,29.2,97.0,46.0,8.3,473
"730-Dover-Dr,-Prosper,-TX-75078","730 Dover Dr, Prosper, TX 75078",75078,Single Family,Standard,4,3.5,3472.0,7148,2020.0,835500.0,43.0,240.64,0.4857,1.0,0.0,0.0,61.9,47.6,6.8,45.9,-6.5,473
"1870-Star-Trace-Pkwy,-Prosper,-TX-75078","1870 Star Trace Pkwy, Prosper, TX 75078",75078,Single Family,Standard,5,4.5,4636.0,12197,2020.0,1395000.0,190.0,300.91,0.3801,1.0,0.0,0.0,22.2,98.3,6.8,45.8,16.9,473
"100-Twilight-Dr,-Prosper,-TX-75078","100 Twilight Dr, Prosper, TX 75078",75078,Single Family,New Construction,5,5.5,4221.0,,0.0,1199900.0,42.0,284.27,,5.0,-4.0,2.0,31.3,44.8,79.7,45.7,10.4,473
"4280-Whitley-Place-Dr,-Prosper,-TX-75078","4280 Whitley Place Dr, Prosper, TX 75078",75078,Single Family,Standard,5,5.5,4491.0,11761,2012.0,999900.0,27.0,222.65,0.3819,1.0,0.0,0.0,75.9,29.2,6.8,45.7,-13.5,473
"3936-Sunrise-Ln,-Prosper,-TX-75078","3936 Sunrise Ln, Prosper, TX 75078",75078,Single Family,New Construction,5,,2959.0,,0.0,894900.0,48.0,302.43,,6.0,-6.28,2.0,21.6,53.5,85.0,45.4,17.5,473
"3881-Marigold-Ln,-Prosper,-TX-75078","3881 Marigold Ln, Prosper, TX 75078",75078,Single Family,Standard,2,2,1381.0,4269,2020.0,415000.0,174.0,300.51,0.3235,1.0,0.0,0.0,22.6,96.4,6.8,45.3,16.7,473
"3140-Barclay-Ln,-Prosper,-TX-75078","3140 Barclay Ln, Prosper, TX 75078",75078,Single Family,Standard,4,4.5,3634.0,10629,2024.0,1099000.0,44.0,302.42,0.3419,2.0,-8.42,1.0,21.8,50.3,89.4,45.3,17.5,473
"4020-Chimney-Rock-Dr,-Prosper,-TX-75078","4020 Chimney Rock Dr, Prosper, TX 75078",75078,Single Family,Standard,4,3,3104.0,18034,2014.0,899999.0,131.0,289.95,0.1721,1.0,0.0,0.0,27.7,89.9,6.8,45.3,12.6,473
"1020-Foxglove-Ln,-Prosper,-TX-75078","1020 Foxglove Ln, Prosper, TX 75078",75078,Single Family,Standard,2,2,1370.0,3598,2019.0,399500.0,132.0,291.61,0.3808,1.0,0.0,0.0,27.1,90.5,6.8,45.2,13.3,473
"2000-Harvard-Ave,-Prosper,-TX-75078","2000 Harvard Ave, Prosper, TX 75078",75078,Single Family,Standard,4,4.5,3216.0,12066,2020.0,964500.0,154.0,299.91,0.2665,1.0,0.0,0.0,23.3,94.9,6.8,45.0,16.5,473
"2171-Longmont-Ln,-Prosper,-TX-75078","2171 Longmont Ln, Prosper, TX 75078",75078,Single Family,Standard,4,3.5,3606.0,12023,2019.0,1079000.0,153.0,299.22,0.2999,1.0,0.0,0.0,23.5,94.3,6.8,44.9,16.2,473
"950-Gentle-Knoll-Ln,-Prosper,-TX-75078","950 Gentle Knoll Ln, Prosper, TX 75078",75078,Single Family,Standard,3,2.5,2305.0,6970,2020.0,615000.0,64.0,266.81,0.3307,1.0,0.0,0.0,44.4,66.2,6.8,44.5,3.6,473
"551-Harrison-Ln,-Prosper,-TX-75078","551 Harrison Ln, Prosper, TX 75078",75078,Single Family,New Construction,5,6,4411.0,,0.0,1299000.0,43.0,294.49,,2.0,-5.46,1.0,25.4,47.6,82.0,44.5,14.4,473
"1891-Fostermill-Dr,-Prosper,-TX-75078","1891 Fostermill Dr, Prosper, TX 75078",75078,Single Family,Standard,4,4.5,3870.0,18557,2013.0,1145000.0,138.0,295.87,0.2085,1.0,0.0,0.0,24.7,91.1,6.8,44.4,14.9,473
"1470-Havenbrook-Ln,-Prosper,-TX-75078","1470 Havenbrook Ln, Prosper, TX 75078",75078,Single Family,Standard,4,3.5,3546.0,10019,2015.0,765000.0,20.0,215.74,0.3539,1.0,0.0,0.0,79.3,20.5,6.8,44.2,-16.2,473
"2541-Canary-Grass-Ln,-Prosper,-TX-75078","2541 Canary Grass Ln, Prosper, TX 75078",75078,Single Family,Standard,4,3.5,3294.0,7623,2020.0,699000.0,18.0,212.2,0.4321,1.0,0.0,0.0,81.4,17.8,6.8,44.2,-17.6,473
"280-Twilight-Dr,-Prosper,-TX-75078","280 Twilight Dr, Prosper, TX 75078",75078,Single Family,New Construction,5,5.5,4221.0,8625,2026.0,1199900.0,41.0,284.27,0.4894,2.0,-0.5,1.0,31.3,43.6,73.8,44.1,10.4,473
"1751-Silverleaf-Ct,-Prosper,-TX-75078","1751 Silverleaf Ct, Prosper, TX 75078",75078,Single Family,Standard,4,4.5,5328.0,43560,2004.0,1549000.0,113.0,290.73,0.1223,1.0,0.0,0.0,27.5,85.6,6.8,43.7,12.9,473
"1305-Corona-Ct,-Prosper,-TX-75078","1305 Corona Ct, Prosper, TX 75078",75078,Single Family,Standard,3,2,1890.0,6804,2014.0,449999.0,34.0,238.09,0.2778,1.0,0.0,0.0,65.3,36.6,6.8,43.6,-7.5,473
"1061-Georgetown-Pl,-Prosper,-TX-75078","1061 Georgetown Pl, Prosper, TX 75078",75078,Single Family,New Construction,6,4,4191.0,,2025.0,997881.0,34.0,238.1,,1.0,0.0,0.0,65.1,36.6,6.8,43.5,-7.5,473
"509-E-1st-St,-Prosper,-TX-75078","509 E 1st St, Prosper, TX 75078",75078,Single Family,Standard,3,2,1336.0,10454,1982.0,390000.0,113.0,291.92,0.1278,1.0,0.0,0.0,26.8,85.6,6.8,43.4,13.4,473
"2000-Fair-Oaks-Ln,-Prosper,-TX-75078","2000 Fair Oaks Ln, Prosper, TX 75078",75078,Single Family,Standard,5,4,3718.0,43560,2005.0,1050000.0,90.0,282.41,0.0854,1.0,0.0,0.0,33.4,76.7,6.8,43.2,9.7,473
"531-Callahan-Ct,-Prosper,-TX-75078","531 Callahan Ct, Prosper, TX 75078",75078,Single Family,New Construction,5,5.5,4513.0,,0.0,1299000.0,36.0,287.84,,2.0,-4.77,1.0,29.6,38.9,80.8,43.1,11.8,473
"2760-Savannah-Rdg,-Prosper,-TX-75078","2760 Savannah Rdg, Prosper, TX 75078",75078,Single Family,New Construction,5,5.5,3820.0,,2026.0,949720.0,42.0,248.62,,1.0,0.0,0.0,57.1,44.8,6.8,42.7,-3.4,473
"1930-Fair-Oaks-Ln,-Prosper,-TX-75078","1930 Fair Oaks Ln, Prosper, TX 75078",75078,Single Family,Standard,4,3.5,4484.0,43560,2005.0,1199000.0,58.0,267.4,0.1029,1.0,0.0,0.0,43.6,61.9,6.8,42.6,3.9,473
"2131-Lassen-Dr,-Prosper,-TX-75078","2131 Lassen Dr, Prosper, TX 75078",75078,Single Family,Standard,4,3.5,3629.0,13678,2022.0,885000.0,38.0,243.87,0.2653,2.0,1.14,0.0,60.3,41.2,5.1,42.6,-5.3,473
"4565-Lamplights-Dr,-Prosper,-TX-75078","4565 Lamplights Dr, Prosper, TX 75078",75078,Single Family,New Construction,3,,2249.0,,0.0,506990.0,23.0,225.43,,3.0,10.94,0.0,74.4,24.7,2.3,42.6,-12.4,473
"4151-Woodbine-Ln,-Prosper,-TX-75078","4151 Woodbine Ln, Prosper, TX 75078",75078,Single Family,Standard,4,4.5,4083.0,8930,2018.0,1249900.0,139.0,306.12,0.4572,1.0,0.0,0.0,19.9,92.0,6.8,42.5,18.9,473
"3420-Redpine-Dr,-Prosper,-TX-75078","3420 Redpine Dr, Prosper, TX 75078",75078,Single Family,Standard,5,4.5,4352.0,10803,2016.0,1228000.0,82.0,282.17,0.4029,1.0,0.0,0.0,33.6,74.2,6.8,42.5,9.6,473
"3631-Whimbrel-Ct,-Prosper,-TX-75078","3631 Whimbrel Ct, Prosper, TX 75078",75078,Single Family,New Construction,5,,4445.0,,0.0,1144900.0,50.0,257.57,,4.0,12.04,0.0,49.9,56.0,1.7,42.4,0.0,473
"2681-Sassafrass-Ct,-Prosper,-TX-75078","2681 Sassafrass Ct, Prosper, TX 75078",75078,Single Family,New Construction,4,4,3385.0,,2026.0,849000.0,4.0,250.81,,2.0,-7.6,1.0,55.4,0.0,87.3,42.4,-2.6,473
"1730-Cottonwood-Trl,-Prosper,-TX-75078","1730 Cottonwood Trl, Prosper, TX 75078",75078,Single Family,Standard,5,5.5,4540.0,11761,2022.0,1275000.0,75.0,280.84,0.386,1.0,0.0,0.0,35.1,70.8,6.8,41.9,9.1,473
"2870-Creekwood-Ln,-Prosper,-TX-75078","2870 Creekwood Ln, Prosper, TX 75078",75078,Single Family,Standard,4,4,4675.0,11456,2007.0,1299900.0,68.0,278.05,0.4081,1.0,0.0,0.0,36.8,68.3,6.8,41.8,8.0,473
"910-Shooting-Star-Dr,-Prosper,-TX-75078","910 Shooting Star Dr, Prosper, TX 75078",75078,Single Family,New Construction,4,,3789.0,,0.0,989990.0,50.0,261.28,,15.0,13.79,5.0,48.2,56.0,1.5,41.6,1.5,473
"830-Hackberry-Dr,-Prosper,-TX-75078","830 Hackberry Dr, Prosper, TX 75078",75078,Single Family,New Construction,5,4,4458.0,,0.0,1367797.0,43.0,306.82,,2.0,-4.63,1.0,19.7,47.6,80.5,41.6,19.2,473
"16509-Dry-Creek-Blvd,-Prosper,-TX-75078","16509 Dry Creek Blvd, Prosper, TX 75078",75078,Single Family,Standard,4,2.5,2804.0,5837,2017.0,600000.0,13.0,213.98,0.4804,1.0,0.0,0.0,80.3,11.6,6.8,41.6,-16.9,473
"1140-Norfolk-Dr,-Prosper,-TX-75078","1140 Norfolk Dr, Prosper, TX 75078",75078,Single Family,Standard,5,4,3807.0,10411,2016.0,749000.0,4.0,196.74,0.3657,1.0,0.0,0.0,89.2,0.0,6.8,41.5,-23.6,473
"2180-Ivywood-Ln,-Prosper,-TX-75078","2180 Ivywood Ln, Prosper, TX 75078",75078,Single Family,Standard,4,3.5,3469.0,10454,2021.0,1049900.0,118.0,302.65,0.3318,1.0,0.0,0.0,21.4,87.1,6.8,41.4,17.5,473
"4417-Fall-Meadow-Dr,-Prosper,-TX-75078","4417 Fall Meadow Dr, Prosper, TX 75078",75078,Single Family,New Construction,4,3,2999.0,7797,2026.0,749000.0,39.0,249.75,0.3846,1.0,0.0,0.0,56.4,41.6,6.8,41.3,-3.0,473
"2691-Compton-Ct,-Prosper,-TX-75078","2691 Compton Ct, Prosper, TX 75078",75078,Single Family,New Construction,5,6,4337.0,9017,2026.0,1033790.0,28.0,238.37,0.481,1.0,0.0,0.0,64.3,31.3,6.8,41.2,-7.4,473
"150-Twilight-Dr,-Prosper,-TX-75078","150 Twilight Dr, Prosper, TX 75078",75078,Single Family,New Construction,5,5,3998.0,,0.0,1024900.0,5.0,256.35,,3.0,-6.82,1.0,51.6,2.1,86.3,41.2,-0.4,473
"4671-Summerville-Ln,-Prosper,-TX-75078","4671 Summerville Ln, Prosper, TX 75078",75078,Single Family,Standard,4,4.5,3853.0,12371,2022.0,1250000.0,167.0,324.42,0.3115,1.0,0.0,0.0,14.0,95.6,6.8,41.1,26.0,473
"1411-Maplewood-Dr,-Prosper,-TX-75078","1411 Maplewood Dr, Prosper, TX 75078",75078,Single Family,Standard,4,4,3441.0,10411,2022.0,900000.0,47.0,261.55,0.3305,1.0,0.0,0.0,47.6,52.2,6.8,41.0,1.6,473
"1000-Cliff-Creek-Dr,-Prosper,-TX-75078","1000 Cliff Creek Dr, Prosper, TX 75078",75078,Single Family,Standard,4,4.5,4256.0,18949,2017.0,1299999.0,118.0,305.45,0.2246,1.0,0.0,0.0,20.3,87.1,6.8,41.0,18.6,473
"4160-Silver-Spur-Dr,-Prosper,-TX-75078","4160 Silver Spur Dr, Prosper, TX 75078",75078,Single Family,Standard,4,4,3537.0,7275,2021.0,850000.0,29.0,240.32,0.4862,1.0,0.0,0.0,62.6,32.3,6.8,40.8,-6.7,473
"2710-Sassafrass-Ct,-Prosper,-TX-75078","2710 Sassafrass Ct, Prosper, TX 75078",75078,Single Family,New Construction,5,6,3702.0,,2026.0,972990.0,46.0,262.83,,1.0,0.0,0.0,46.9,51.6,6.8,40.5,2.1,473
"1481-Stony-Trl,-Prosper,-TX-75078","1481 Stony Trl, Prosper, TX 75078",75078,Single Family,Standard,4,4.5,4808.0,32278,2016.0,1599000.0,48.0,332.57,0.149,3.0,-5.66,2.0,11.2,53.5,83.3,40.4,29.2,473
"2101-Nocona-Dr,-Prosper,-TX-75078","2101 Nocona Dr, Prosper, TX 75078",75078,Single Family,Standard,5,4,4269.0,11979,2013.0,895000.0,6.0,209.65,0.3564,1.0,0.0,0.0,84.4,3.2,6.8,40.4,-18.6,473
"3400-Spicewood-Dr,-Prosper,-TX-75078","3400 Spicewood Dr, Prosper, TX 75078",75078,Single Family,Standard,4,4.5,4079.0,13809,2015.0,1150000.0,67.0,281.93,0.2954,1.0,0.0,0.0,34.0,67.7,6.8,40.3,9.5,473
"1041-White-Crest-Ln,-Prosper,-TX-75078","1041 White Crest Ln, Prosper, TX 75078",75078,Single Family,Standard,5,6,4417.0,12023,2014.0,959000.0,12.0,217.12,0.3674,1.0,0.0,0.0,78.2,10.4,6.8,40.2,-15.7,473
"2500-Fountain-St,-Prosper,-TX-75078","2500 Fountain St, Prosper, TX 75078",75078,Single Family,New Construction,5,5,4900.0,,0.0,1199900.0,31.0,244.88,,1.0,0.0,0.0,59.2,34.0,6.8,39.9,-4.9,473
"1510-Beverly-Dr,-Prosper,-TX-75078","1510 Beverly Dr, Prosper, TX 75078",75078,Single Family,New Construction,3,,2894.0,,0.0,903900.0,32.0,312.34,,6.0,-16.76,3.0,18.2,34.9,97.3,39.8,21.3,473
"2720-Ambergate-Ln,-Prosper,-TX-75078","2720 Ambergate Ln, Prosper, TX 75078",75078,Single Family,New Construction,5,5.5,3847.0,,2026.0,1041605.0,49.0,270.76,,1.0,0.0,0.0,41.6,54.8,6.8,39.3,5.2,473
"4550-Honeyvine-Ln,-Prosper,-TX-75078","4550 Honeyvine Ln, Prosper, TX 75078",75078,Single Family,Standard,4,4.5,5164.0,13765,2015.0,1389000.0,13.0,268.98,0.3752,2.0,-4.21,1.0,42.3,11.6,79.9,39.1,4.5,473
"1960-Star-Trace-Pkwy,-Prosper,-TX-75078","1960 Star Trace Pkwy, Prosper, TX 75078",75078,Single Family,Standard,4,3.5,3166.0,12197,2020.0,899900.0,64.0,284.24,0.2596,1.0,0.0,0.0,31.5,66.2,6.8,38.7,10.4,473
"1811-Kyle-Ct,-Prosper,-TX-75078","1811 Kyle Ct, Prosper, TX 75078",75078,Single Family,New Construction,4,,3208.0,,0.0,1199990.0,44.0,374.06,,10.0,-14.53,6.0,3.8,50.3,96.8,38.7,45.3,473
"4560-Silver-Spur-Dr,-Prosper,-TX-75078","4560 Silver Spur Dr, Prosper, TX 75078",75078,Single Family,Standard,5,5.5,4828.0,9888,2022.0,1214900.0,35.0,251.64,0.4883,2.0,10.95,0.0,54.8,38.3,2.1,38.5,-2.3,473
"301-Williamsburg-Pl,-Prosper,-TX-75078","301 Williamsburg Pl, Prosper, TX 75078",75078,Single Family,New Construction,5,,4491.0,,0.0,1201995.0,48.0,267.65,,7.0,15.8,2.0,43.3,53.5,0.8,38.4,3.9,473
"2701-Compton-Ct,-Prosper,-TX-75078","2701 Compton Ct, Prosper, TX 75078",75078,Single Family,New Construction,5,5,4231.0,,2026.0,1014990.0,23.0,239.89,,1.0,0.0,0.0,62.8,24.7,6.8,38.3,-6.8,473
"4261-Mesa-Dr,-Prosper,-TX-75078","4261 Mesa Dr, Prosper, TX 75078",75078,Single Family,Standard,5,4,3999.0,10019,2014.0,1068000.0,6.0,267.07,0.3991,2.0,-7.05,1.0,44.0,3.2,86.9,38.3,3.7,473
"3080-Eleanor-Dr,-Prosper,-TX-75078","3080 Eleanor Dr, Prosper, TX 75078",75078,Single Family,New Construction,4,3,2317.0,,0.0,569990.0,28.0,246.0,,2.0,1.79,0.0,58.6,31.3,4.7,38.2,-4.5,473
"1321-Duke-Dr,-Prosper,-TX-75078","1321 Duke Dr, Prosper, TX 75078",75078,Single Family,New Construction,5,4,3960.0,13068,2024.0,889950.0,10.0,224.73,0.303,1.0,0.0,0.0,75.1,8.9,6.8,38.2,-12.7,473
"1070-Adair-Rd,-Prosper,-TX-75078","1070 Adair Rd, Prosper, TX 75078",75078,Single Family,Standard,4,3,3286.0,7754,2023.0,799000.0,26.0,243.15,0.4238,1.0,0.0,0.0,60.5,27.3,6.8,38.1,-5.6,473
"1120-Twin-Oaks-Dr,-Prosper,-TX-75078","1120 Twin Oaks Dr, Prosper, TX 75078",75078,Single Family,Standard,4,3,3670.0,22651,2006.0,1149500.0,103.0,313.22,0.162,1.0,0.0,0.0,17.5,81.8,6.8,37.9,21.6,473
"821-Oleander-Ln,-Prosper,-TX-75078","821 Oleander Ln, Prosper, TX 75078",75078,Single Family,New Construction,5,5,4017.0,,0.0,1312499.0,43.0,326.74,,2.0,-2.7,1.0,12.9,47.6,76.7,37.8,26.9,473
"841-Ivy-Glen-Ct,-Prosper,-TX-75078","841 Ivy Glen Ct, Prosper, TX 75078",75078,Single Family,Standard,4,4.5,3593.0,11979,2018.0,1109000.0,91.0,308.66,0.2999,1.0,0.0,0.0,19.5,78.2,6.8,37.5,19.9,473
"2360-Shady-Hill-Dr,-Prosper,-TX-75078","2360 Shady Hill Dr, Prosper, TX 75078",75078,Single Family,Standard,4,3.5,3427.0,11326,2023.0,1045000.0,90.0,304.93,0.3026,1.0,0.0,0.0,20.7,76.7,6.8,37.5,18.4,473
"420-St-John-Ln,-Prosper,-TX-75078","420 St John Ln, Prosper, TX 75078",75078,Single Family,Standard,4,4.5,4094.0,11696,2020.0,1150000.0,53.0,280.9,0.35,1.0,0.0,0.0,34.9,58.4,6.8,37.5,9.1,473
"170-Bryan-St,-Prosper,-TX-75078","170 Bryan St, Prosper, TX 75078",75078,Single Family,Standard,5,3.5,3265.0,13939,2005.0,800000.0,26.0,245.02,0.2342,1.0,0.0,0.0,59.0,27.3,6.8,37.4,-4.8,473
"2620-Acie-Ln,-Prosper,-TX-75078","2620 Acie Ln, Prosper, TX 75078",75078,Single Family,New Construction,5,4.5,3461.0,,2026.0,950380.0,47.0,274.6,,1.0,0.0,0.0,38.5,52.2,6.8,36.9,6.6,473
"4110-Mill-Pond-Dr,-Prosper,-TX-75078","4110 Mill Pond Dr, Prosper, TX 75078",75078,Single Family,Standard,4,3,2760.0,8668,2024.0,719000.0,36.0,260.51,0.3184,1.0,0.0,0.0,48.6,38.9,6.8,36.8,1.2,473
"2440-Dena-Dr,-Prosper,-TX-75078","2440 Dena Dr, Prosper, TX 75078",75078,Single Family,New Construction,5,5.5,4204.0,10542,2025.0,1189000.0,9.0,282.83,0.3988,2.0,-13.05,1.0,33.2,8.2,94.7,36.8,9.8,473
"1741-Cypress-Lake-Ln,-Prosper,-TX-75078","1741 Cypress Lake Ln, Prosper, TX 75078",75078,Single Family,Standard,5,5,4344.0,14026,2019.0,1199000.0,47.0,276.01,0.3097,1.0,0.0,0.0,37.6,52.2,6.8,36.6,7.2,473
"1530-Fairmont-Dr,-Prosper,-TX-75078","1530 Fairmont Dr, Prosper, TX 75078",75078,Single Family,New Construction,4,4.5,3362.0,11326,2025.0,1010000.0,24.0,300.42,0.2968,2.0,-6.47,1.0,23.0,26.2,85.2,36.6,16.7,473
"2941-Eleanor-Dr,-Prosper,-TX-75078","2941 Eleanor Dr, Prosper, TX 75078",75078,Single Family,New Construction,4,3,2317.0,,0.0,552990.0,19.0,238.67,,1.0,0.0,0.0,64.1,18.4,6.8,36.6,-7.3,473
"3181-Brookhollow-Ct,-Prosper,-TX-75078","3181 Brookhollow Ct, Prosper, TX 75078",75078,Single Family,Standard,5,6,5908.0,104849,2015.0,2950000.0,241.0,499.32,0.0563,1.0,0.0,0.0,1.1,99.2,6.8,36.5,93.9,473
"3040-Corvara-Dr,-Prosper,-TX-75078","3040 Corvara Dr, Prosper, TX 75078",75078,Single Family,New Construction,4,3,2317.0,,0.0,566990.0,22.0,244.71,,1.0,0.0,0.0,59.4,23.7,6.8,36.4,-5.0,473
"2460-Macy-Way,-Prosper,-TX-75078","2460 Macy Way, Prosper, TX 75078",75078,Single Family,Standard,4,3.5,2540.0,7187,2023.0,745000.0,64.0,293.31,0.3534,1.0,0.0,0.0,26.2,66.2,6.8,36.3,13.9,473
"2680-Sassafrass-Ct,-Prosper,-TX-75078","2680 Sassafrass Ct, Prosper, TX 75078",75078,Single Family,New Construction,5,5.5,3536.0,,2026.0,986097.0,49.0,278.87,,2.0,3.85,0.0,36.2,54.8,4.2,36.3,8.3,473
"820-Hawk-Wood-Ln,-Prosper,-TX-75078","820 Hawk Wood Ln, Prosper, TX 75078",75078,Single Family,Standard,5,6.5,5091.0,15769,2020.0,1588000.0,85.0,311.92,0.3228,1.0,0.0,0.0,18.8,75.5,6.8,36.2,21.1,473
"2671-Harvest-Ln,-Prosper,-TX-75078","2671 Harvest Ln, Prosper, TX 75078",75078,Single Family,New Construction,5,5.5,3472.0,,2026.0,947490.0,43.0,272.89,,1.0,0.0,0.0,40.4,47.6,6.8,36.2,6.0,473
"690-Morning-Star-Ln,-Prosper,-TX-75078","690 Morning Star Ln, Prosper, TX 75078",75078,Single Family,New Construction,4,,4009.0,,0.0,1057900.0,40.0,263.88,,14.0,7.09,6.0,46.1,42.3,3.2,36.2,2.5,473
"4901-Choirs-Dr,-Prosper,-TX-75078","4901 Choirs Dr, Prosper, TX 75078",75078,Single Family,New Construction,5,7,4950.0,,0.0,1319900.0,38.0,266.65,,1.0,0.0,0.0,44.8,41.2,6.8,36.0,3.6,473
"2770-Douglas-Ln,-Prosper,-TX-75078","2770 Douglas Ln, Prosper, TX 75078",75078,Single Family,New Construction,5,5.5,4134.0,,2026.0,1131575.0,43.0,273.72,,2.0,0.06,0.0,40.0,47.6,6.6,35.9,6.3,473
"3728-Meander-Way,-Prosper,-TX-75078","3728 Meander Way, Prosper, TX 75078",75078,Single Family,New Construction,4,4.5,4471.0,,0.0,1149900.0,30.0,257.19,,1.0,0.0,0.0,50.5,33.6,6.8,35.9,-0.1,473
"1501-Stony-Trl,-Prosper,-TX-75078","1501 Stony Trl, Prosper, TX 75078",75078,Single Family,Standard,6,5.5,5154.0,32322,2016.0,1625000.0,90.0,315.29,0.1595,1.0,0.0,0.0,16.7,76.7,6.8,35.7,22.5,473
"1400-Buckskin-Trl,-Prosper,-TX-75078","1400 Buckskin Trl, Prosper, TX 75078",75078,Single Family,Standard,5,4,5065.0,20168,2016.0,1775000.0,133.0,350.44,0.2511,1.0,0.0,0.0,5.7,90.9,6.8,35.7,36.1,473
"3780-Newburn-St,-Prosper,-TX-75078","3780 Newburn St, Prosper, TX 75078",75078,Single Family,Standard,4,3,3348.0,8668,2020.0,875000.0,33.0,261.35,0.3862,1.0,0.0,0.0,48.0,35.7,6.8,35.5,1.5,473
"3042-Corvara-Dr,-Prosper,-TX-75078","3042 Corvara Dr, Prosper, TX 75078",75078,Single Family,New Construction,4,3,2301.0,,0.0,567990.0,21.0,246.84,,1.0,0.0,0.0,58.4,22.6,6.8,35.5,-4.1,473
"500-Lake-Trail-Ln,-Prosper,-TX-75078","500 Lake Trail Ln, Prosper, TX 75078",75078,Single Family,Standard,5,4,3412.0,10454,2017.0,775000.0,6.0,227.14,0.3264,1.0,0.0,0.0,73.4,3.2,6.8,35.5,-11.8,473
"2541-Fountain-St,-Prosper,-TX-75078","2541 Fountain St, Prosper, TX 75078",75078,Single Family,New Construction,5,5.5,4201.0,,0.0,1349000.0,34.0,321.11,,2.0,-3.57,1.0,14.8,36.6,79.1,35.3,24.7,473
"2540-Harpole-Rd,-Prosper,-TX-75078","2540 Harpole Rd, Prosper, TX 75078",75078,Single Family,New Construction,5,5.5,4182.0,,2026.0,999990.0,16.0,239.12,,1.0,0.0,0.0,63.4,15.4,6.8,35.3,-7.1,473
"920-Shooting-Star-Dr,-Prosper,-TX-75078","920 Shooting Star Dr, Prosper, TX 75078",75078,Single Family,New Construction,4,,2312.0,,0.0,801990.0,42.0,346.88,,13.0,-4.3,7.0,7.4,44.8,80.3,35.1,34.7,473
"681-Capella-Ct,-Prosper,-TX-75078","681 Capella Ct, Prosper, TX 75078",75078,Single Family,New Construction,5,5.5,4840.0,11457,2025.0,1369900.0,48.0,283.04,0.4224,1.0,0.0,0.0,33.0,53.5,6.8,34.9,9.9,473
"3610-Bluebell-Ln,-Prosper,-TX-75078","3610 Bluebell Ln, Prosper, TX 75078",75078,Single Family,New Construction,4,,4422.0,,0.0,1099000.0,23.0,248.53,,11.0,14.84,5.0,57.7,24.7,1.1,34.8,-3.5,473
"2961-Eleanor-Dr,-Prosper,-TX-75078","2961 Eleanor Dr, Prosper, TX 75078",75078,Single Family,New Construction,4,3,2317.0,,0.0,579990.0,23.0,250.32,,2.0,1.4,0.0,55.8,24.7,4.9,34.7,-2.8,473
"981-Stanford-Ln,-Prosper,-TX-75078","981 Stanford Ln, Prosper, TX 75078",75078,Single Family,New Construction,5,4,3940.0,12502,2024.0,927406.0,10.0,235.38,0.3151,1.0,0.0,0.0,67.2,8.9,6.8,34.7,-8.6,473
"4840-Liberty-Dr,-Prosper,-TX-75078","4840 Liberty Dr, Prosper, TX 75078",75078,Single Family,Standard,5,6,4850.0,13286,2022.0,1599000.0,92.0,329.69,0.365,1.0,0.0,0.0,12.3,78.6,6.8,34.4,28.0,473
"501-Morgan-Ln,-Prosper,-TX-75078","501 Morgan Ln, Prosper, TX 75078",75078,Single Family,Standard,4,4.5,4003.0,10803,2019.0,1369000.0,104.0,341.99,0.3705,1.0,0.0,0.0,9.1,82.7,6.8,34.4,32.8,473
"3560-Bluebell-Ln,-Prosper,-TX-75078","3560 Bluebell Ln, Prosper, TX 75078",75078,Single Family,New Construction,4,,4319.0,,0.0,1231900.0,49.0,285.23,,1.0,0.0,0.0,30.7,54.8,6.8,34.3,10.8,473
"2721-Old-Shire-Path-Rd,-Prosper,-TX-75078","2721 Old Shire Path Rd, Prosper, TX 75078",75078,Single Family,Standard,5,4.5,3709.0,6970,2017.0,949000.0,26.0,255.86,0.5321,1.0,0.0,0.0,52.0,27.3,6.8,34.3,-0.6,473
"4108-Meander-Way,-Prosper,-TX-75078","4108 Meander Way, Prosper, TX 75078",75078,Single Family,New Construction,5,6,4703.0,,0.0,1264900.0,36.0,268.96,,1.0,0.0,0.0,42.5,38.9,6.8,34.1,4.5,473
"2630-Live-Oak-Ln,-Prosper,-TX-75078","2630 Live Oak Ln, Prosper, TX 75078",75078,Single Family,New Construction,4,4.5,3522.0,,0.0,1099900.0,20.0,312.29,,2.0,-11.65,1.0,18.4,20.5,93.2,34.1,21.3,473
"2480-Harpole-Rd,-Prosper,-TX-75078","2480 Harpole Rd, Prosper, TX 75078",75078,Single Family,New Construction,4,4.5,3893.0,,2026.0,929990.0,13.0,238.89,,1.0,0.0,0.0,63.6,11.6,6.8,34.1,-7.2,473
"3550-Alabasta-Dr,-Prosper,-TX-75078","3550 Alabasta Dr, Prosper, TX 75078",75078,Single Family,New Construction,5,5.5,4772.0,10237,2025.0,1399000.0,54.0,293.17,0.4662,1.0,0.0,0.0,26.4,59.2,6.8,34.0,13.9,473
"2001-Harvard-Ave,-Prosper,-TX-75078","2001 Harvard Ave, Prosper, TX 75078",75078,Single Family,Standard,4,4.5,4750.0,14636,2020.0,1595000.0,97.0,335.79,0.3245,1.0,0.0,0.0,10.4,79.7,6.8,33.9,30.4,473
"200-Miramar-Dr,-Prosper,-TX-75078","200 Miramar Dr, Prosper, TX 75078",75078,Single Family,Standard,5,6,5200.0,14375,2023.0,2000000.0,131.0,384.62,0.3617,1.0,0.0,0.0,2.5,89.9,6.8,33.9,49.4,473
"2001-Pebble-Creek-Dr,-Prosper,-TX-75078","2001 Pebble Creek Dr, Prosper, TX 75078",75078,Single Family,New Construction,5,6,6658.0,51479,2027.0,4900000.0,170.0,735.96,0.1293,2.0,516.35,0.0,0.4,96.2,0.0,33.9,185.8,473
"290-Twilight-Dr,-Prosper,-TX-75078","290 Twilight Dr, Prosper, TX 75078",75078,Single Family,New Construction,5,5.5,4579.0,,0.0,1203900.0,29.0,262.92,,1.0,0.0,0.0,46.7,32.3,6.8,33.7,2.1,473
"1521-Latigo-Ct,-Prosper,-TX-75078","1521 Latigo Ct, Prosper, TX 75078",75078,Single Family,Standard,5,5.5,4888.0,18208,2017.0,1699000.0,104.0,347.59,0.2685,1.0,0.0,0.0,7.2,82.7,6.8,33.5,35.0,473
"1260-Packsaddle-Trl,-Prosper,-TX-75078","1260 Packsaddle Trl, Prosper, TX 75078",75078,Single Family,Standard,4,3.5,3656.0,11369,2011.0,874900.0,12.0,239.31,0.3216,1.0,0.0,0.0,63.2,10.4,6.8,33.4,-7.1,473
"950-Heatherbrook-Dr,-Prosper,-TX-75078","950 Heatherbrook Dr, Prosper, TX 75078",75078,Single Family,New Construction,5,5.5,3900.0,,2026.0,899000.0,4.0,230.51,,1.0,0.0,0.0,71.2,0.0,6.8,33.4,-10.5,473
"3770-White-Clover-Ln,-Prosper,-TX-75078","3770 White Clover Ln, Prosper, TX 75078",75078,Townhouse,Standard,2,2,1562.0,3746,2021.0,450000.0,48.0,288.09,0.417,1.0,0.0,0.0,29.4,53.5,6.8,33.3,11.9,473
"3521-Newport-Dr,-Prosper,-TX-75078","3521 Newport Dr, Prosper, TX 75078",75078,Single Family,Standard,4,4.5,4034.0,16117,2017.0,1300000.0,76.0,322.26,0.2503,1.0,0.0,0.0,14.4,72.1,6.8,33.1,25.2,473
"208-E-7th-St,-Prosper,-TX-75078","208 E 7th St, Prosper, TX 75078",75078,Single Family,Standard,3,1.5,1343.0,13939,1977.0,450000.0,23.0,335.07,0.0963,3.0,-18.18,2.0,10.8,24.7,98.1,33.1,30.1,473
"1941-Star-Trace-Pkwy,-Prosper,-TX-75078","1941 Star Trace Pkwy, Prosper, TX 75078",75078,Single Family,Standard,4,3,3363.0,11761,2021.0,1099000.0,82.0,326.79,0.2859,1.0,0.0,0.0,12.7,74.2,6.8,33.0,26.9,473
"2631-Harvest-Ln,-Prosper,-TX-75078","2631 Harvest Ln, Prosper, TX 75078",75078,Single Family,New Construction,4,3,3055.0,,2026.0,850000.0,6.0,278.23,,2.0,-2.86,1.0,36.6,3.2,77.2,33.0,8.1,473
"961-Georgetown-Pl,-Prosper,-TX-75078","961 Georgetown Pl, Prosper, TX 75078",75078,Single Family,New Construction,6,4,4177.0,,2026.0,1019950.0,14.0,244.18,,1.0,0.0,0.0,59.6,13.5,6.8,32.9,-5.2,473
"221-Chapel-Hill-Dr,-Prosper,-TX-75078","221 Chapel Hill Dr, Prosper, TX 75078",75078,Single Family,Standard,5,3.5,3182.0,9583,2005.0,745000.0,8.0,234.13,0.332,2.0,16.86,0.0,68.3,5.9,0.6,32.9,-9.1,473
"2640-Live-Oak-Ln,-Prosper,-TX-75078","2640 Live Oak Ln, Prosper, TX 75078",75078,Single Family,New Construction,5,5.5,4221.0,,0.0,1249900.0,17.0,296.11,,3.0,-3.85,1.0,24.5,16.7,79.5,32.8,15.0,473
"971-Georgetown-Pl,-Prosper,-TX-75078","971 Georgetown Pl, Prosper, TX 75078",75078,Single Family,New Construction,5,4,4295.0,,2025.0,1019950.0,7.0,237.47,,1.0,0.0,0.0,66.0,5.1,6.8,32.8,-7.8,473
"1031-Keller-Dr,-Prosper,-TX-75078","1031 Keller Dr, Prosper, TX 75078",75078,Single Family,New Construction,5,7,4537.0,,0.0,1179900.0,24.0,260.06,,1.0,0.0,0.0,49.0,26.2,6.8,32.6,1.0,473
"861-Manchester-Ave,-Prosper,-TX-75078","861 Manchester Ave, Prosper, TX 75078",75078,Single Family,Standard,3,3,2969.0,7144,2019.0,750000.0,20.0,252.61,0.4156,1.0,0.0,0.0,53.3,20.5,6.8,32.5,-1.9,473
"8770-Prestonview-Dr,-Prosper,-TX-75078","8770 Prestonview Dr, Prosper, TX 75078",75078,Single Family,Standard,4,3,2532.0,70044,1984.0,899900.0,102.0,355.41,0.0361,1.0,0.0,0.0,5.1,81.2,6.8,32.1,38.0,473
"1021-Keller-Dr,-Prosper,-TX-75078","1021 Keller Dr, Prosper, TX 75078",75078,Single Family,New Construction,4,6,4201.0,,0.0,1149900.0,34.0,273.72,,1.0,0.0,0.0,40.0,36.6,6.8,32.1,6.3,473
"1661-Pepperdine-Pl,-Prosper,-TX-75078","1661 Pepperdine Pl, Prosper, TX 75078",75078,Single Family,New Construction,6,4,3977.0,,2025.0,998950.0,17.0,251.18,,1.0,0.0,0.0,55.2,16.7,6.8,32.0,-2.4,473
"1720-Highland-Meadows-Dr,-Prosper,-TX-75078","1720 Highland Meadows Dr, Prosper, TX 75078",75078,Single Family,Standard,5,4.5,3658.0,43996,2000.0,1275000.0,96.0,348.55,0.0831,1.0,0.0,0.0,6.1,79.3,6.8,31.9,35.4,473
"600-Thompson-St,-Prosper,-TX-75078","600 Thompson St, Prosper, TX 75078",75078,Single Family,New Construction,5,5.5,4543.0,,0.0,1349000.0,14.0,296.94,,3.0,-5.33,2.0,24.1,13.5,81.8,31.9,15.3,473
"940-Heatherbrook-Dr,-Prosper,-TX-75078","940 Heatherbrook Dr, Prosper, TX 75078",75078,Single Family,New Construction,5,4.5,3778.0,,2026.0,889000.0,4.0,235.31,,1.0,0.0,0.0,67.4,0.0,6.8,31.7,-8.6,473
"2121-Normandy-Cir,-Prosper,-TX-75078","2121 Normandy Cir, Prosper, TX 75078",75078,Single Family,Standard,5,4.5,4442.0,12545,2020.0,1399999.0,62.0,315.17,0.3541,1.0,0.0,0.0,17.1,63.8,6.8,31.4,22.4,473
"2550-Whitewood-Dr,-Prosper,-TX-75078","2550 Whitewood Dr, Prosper, TX 75078",75078,Single Family,Standard,5,5.5,4362.0,8712,2024.0,1249900.0,43.0,286.54,0.5007,1.0,0.0,0.0,29.8,47.6,6.8,31.4,11.3,473
"1710-Star-Trace-Pkwy,-Prosper,-TX-75078","1710 Star Trace Pkwy, Prosper, TX 75078",75078,Single Family,Standard,4,4.5,3160.0,12110,2019.0,1040000.0,69.0,329.11,0.2609,1.0,0.0,0.0,12.5,69.6,6.8,31.3,27.8,473
"3181-Genevieve-Ln,-Prosper,-TX-75078","3181 Genevieve Ln, Prosper, TX 75078",75078,Single Family,Standard,4,4,3415.0,11500,2024.0,935000.0,32.0,273.79,0.297,1.0,0.0,0.0,39.3,34.9,6.8,31.3,6.3,473
"1020-Hackberry-Dr,-Prosper,-TX-75078","1020 Hackberry Dr, Prosper, TX 75078",75078,Single Family,New Construction,5,5.5,4814.0,10454,2026.0,1279000.0,26.0,265.68,0.4605,1.0,0.0,0.0,45.0,27.3,6.8,31.2,3.2,473
"4211-Walnut-Grove-Ln,-Prosper,-TX-75078","4211 Walnut Grove Ln, Prosper, TX 75078",75078,Single Family,Standard,4,4.5,3451.0,7144,2021.0,869000.0,15.0,251.81,0.4831,1.0,0.0,0.0,54.5,15.0,6.8,31.2,-2.2,473
"2943-Eleanor-Dr,-Prosper,-TX-75078","2943 Eleanor Dr, Prosper, TX 75078",75078,Single Family,New Construction,3,2.5,2163.0,,0.0,544990.0,15.0,251.96,,1.0,0.0,0.0,54.3,15.0,6.8,31.1,-2.1,473
"1871-Aberdeen-Ln,-Prosper,-TX-75078","1871 Aberdeen Ln, Prosper, TX 75078",75078,Single Family,Standard,4,4,4153.0,12632,2022.0,1443900.0,88.0,347.68,0.3288,1.0,0.0,0.0,7.0,75.7,6.8,31.0,35.0,473
"2771-Wickford-Ct,-Prosper,-TX-75078","2771 Wickford Ct, Prosper, TX 75078",75078,Single Family,New Construction,5,5,4231.0,,2026.0,1022430.0,8.0,241.65,,2.0,0.11,0.0,61.5,5.9,6.3,31.0,-6.1,473
"2620-Harvest-Ln,-Prosper,-TX-75078","2620 Harvest Ln, Prosper, TX 75078",75078,Single Family,New Construction,4,4.5,3445.0,,2026.0,963680.0,36.0,279.73,,1.0,0.0,0.0,35.3,38.9,6.8,30.9,8.6,473
"981-Georgetown-Pl,-Prosper,-TX-75078","981 Georgetown Pl, Prosper, TX 75078",75078,Single Family,New Construction,6,4,3977.0,,2025.0,1009950.0,17.0,253.95,,1.0,0.0,0.0,52.6,16.7,6.8,30.9,-1.4,473
"2611-Acie-Ln,-Prosper,-TX-75078","2611 Acie Ln, Prosper, TX 75078",75078,Single Family,New Construction,5,4.5,3778.0,,2026.0,899000.0,4.0,237.96,,1.0,0.0,0.0,65.5,0.0,6.8,30.8,-7.6,473
"2420-Forestbrook-Dr,-Prosper,-TX-75078","2420 Forestbrook Dr, Prosper, TX 75078",75078,Single Family,Standard,4,4.5,3790.0,8276,2023.0,1098000.0,43.0,289.71,0.458,1.0,0.0,0.0,28.1,47.6,6.8,30.7,12.5,473
"480-Williamsburg-Pl,-Prosper,-TX-75078","480 Williamsburg Pl, Prosper, TX 75078",75078,Single Family,New Construction,4,4.5,4256.0,,0.0,1199000.0,36.0,281.72,,1.0,0.0,0.0,34.5,38.9,6.8,30.5,9.4,473
"3661-Whimbrel-Ct,-Prosper,-TX-75078","3661 Whimbrel Ct, Prosper, TX 75078",75078,Single Family,New Construction,5,5.5,4499.0,,2026.0,1274900.0,39.0,283.37,,1.0,0.0,0.0,32.3,41.6,6.8,30.5,10.1,473
"2140-Elm-Terrace-Ln,-Prosper,-TX-75078","2140 Elm Terrace Ln, Prosper, TX 75078",75078,Single Family,Standard,5,6,4441.0,12589,2018.0,1499000.0,69.0,337.54,0.3528,1.0,0.0,0.0,9.9,69.6,6.8,30.2,31.1,473
"3851-Marigold-Ln,-Prosper,-TX-75078","3851 Marigold Ln, Prosper, TX 75078",75078,Townhouse,Standard,2,2,1369.0,2788,2020.0,434000.0,56.0,317.02,0.491,1.0,0.0,0.0,16.3,60.9,6.8,30.0,23.1,473
"4080-Berylline-Ln,-Prosper,-TX-75078","4080 Berylline Ln, Prosper, TX 75078",75078,Single Family,New Construction,5,5.5,4415.0,,2026.0,1299900.0,9.0,294.43,,2.0,-3.0,1.0,25.6,8.2,77.8,30.0,14.4,473
"2760-Live-Oak-Ln,-Prosper,-TX-75078","2760 Live Oak Ln, Prosper, TX 75078",75078,Single Family,New Construction,5,5,4659.0,,2026.0,1330705.0,40.0,285.62,,1.0,0.0,0.0,30.4,42.3,6.8,29.9,10.9,473
"2670-Sassafrass-Ct,-Prosper,-TX-75078","2670 Sassafrass Ct, Prosper, TX 75078",75078,Single Family,New Construction,5,5.5,3748.0,,2026.0,950000.0,14.0,253.47,,1.0,0.0,0.0,52.9,13.5,6.8,29.9,-1.6,473
"1121-Crescent-Ln,-Prosper,-TX-75078","1121 Crescent Ln, Prosper, TX 75078",75078,Single Family,New Construction,5,5.5,3593.0,,2026.0,938000.0,21.0,261.06,,10.0,26.08,4.0,48.4,22.6,0.4,29.8,1.4,473
"1360-Blue-Forest-Dr,-Prosper,-TX-75078","1360 Blue Forest Dr, Prosper, TX 75078",75078,Single Family,Standard,4,3.5,3786.0,76666,2007.0,1355000.0,80.0,357.9,0.0494,1.0,0.0,0.0,4.9,73.6,6.8,29.3,39.0,473
"421-Margot-Dr,-Prosper,-TX-75078","421 Margot Dr, Prosper, TX 75078",75078,Single Family,New Construction,5,5.5,4828.0,,0.0,1403900.0,42.0,290.78,,1.0,0.0,0.0,27.3,44.8,6.8,29.3,12.9,473
"3400-Poppy-Pl,-Prosper,-TX-75078","3400 Poppy Pl, Prosper, TX 75078",75078,Single Family,New Construction,5,5.5,4671.0,10454,2026.0,1249000.0,22.0,267.39,0.4468,1.0,0.0,0.0,43.8,23.7,6.8,29.3,3.8,473
"4440-Liberty-Dr,-Prosper,-TX-75078","4440 Liberty Dr, Prosper, TX 75078",75078,Single Family,Standard,5,5.5,5105.0,14505,2019.0,1685000.0,62.0,330.07,0.3519,1.0,0.0,0.0,12.1,63.8,6.8,29.1,28.2,473
"1700-Pepperdine-Pl,-Prosper,-TX-75078","1700 Pepperdine Pl, Prosper, TX 75078",75078,Single Family,New Construction,5,4,3878.0,,2025.0,998950.0,16.0,257.59,,1.0,0.0,0.0,49.7,15.4,6.8,29.1,0.0,473
"1571-Temple-Ct,-Prosper,-TX-75078","1571 Temple Ct, Prosper, TX 75078",75078,Single Family,New Construction,5,4.5,4125.0,11326,2026.0,1040000.0,11.0,252.12,0.3642,1.0,0.0,0.0,54.1,9.7,6.8,29.1,-2.1,473
"2000-Willow-Bend-Ct,-Prosper,-TX-75078","2000 Willow Bend Ct, Prosper, TX 75078",75078,Single Family,Standard,4,4.5,4636.0,27878,2016.0,1850000.0,90.0,399.05,0.1663,1.0,0.0,0.0,1.7,76.7,6.8,29.0,55.0,473
"131-Nightfall-Dr,-Prosper,-TX-75078","131 Nightfall Dr, Prosper, TX 75078",75078,Single Family,New Construction,5,5.5,4221.0,,0.0,1249900.0,43.0,296.11,,1.0,0.0,0.0,24.5,47.6,6.8,29.0,15.0,473
"1401-Snapdragon-Ct,-Prosper,-TX-75078","1401 Snapdragon Ct, Prosper, TX 75078",75078,Single Family,New Construction,4,4.5,3686.0,,2020.0,899990.0,5.0,244.16,,1.0,0.0,0.0,59.8,2.1,6.8,29.0,-5.2,473
"921-Hibiscus-Ct,-Prosper,-TX-75078","921 Hibiscus Ct, Prosper, TX 75078",75078,Single Family,New Construction,6,6.5,6319.0,,0.0,1779783.0,31.0,281.66,,1.0,0.0,0.0,34.7,34.0,6.8,28.9,9.4,473
"1551-Fairmont-Dr,-Prosper,-TX-75078","1551 Fairmont Dr, Prosper, TX 75078",75078,Single Family,New Construction,4,3.5,2894.0,12632,2025.0,970000.0,19.0,335.18,0.2291,4.0,-8.14,2.0,10.6,18.4,88.4,28.9,30.2,473
"841-Overlook-Dr,-Prosper,-TX-75078","841 Overlook Dr, Prosper, TX 75078",75078,Single Family,New Construction,4,,4137.0,,0.0,1198900.0,40.0,289.8,,16.0,0.0,7.0,27.9,42.3,6.8,28.7,12.6,473
"2731-Douglas-Ln,-Prosper,-TX-75078","2731 Douglas Ln, Prosper, TX 75078",75078,Single Family,New Construction,5,5.5,4330.0,,2026.0,1096220.0,11.0,253.17,,1.0,0.0,0.0,53.1,9.7,6.8,28.6,-1.7,473
"821-Koby-Cir,-Prosper,-TX-75078","821 Koby Cir, Prosper, TX 75078",75078,Single Family,New Construction,4,,4118.0,,0.0,1210995.0,42.0,294.07,,7.0,0.83,2.0,26.0,44.8,5.5,28.5,14.2,473
"340-Columbia-Ct,-Prosper,-TX-75078","340 Columbia Ct, Prosper, TX 75078",75078,Single Family,Standard,4,3.5,3911.0,12589,2013.0,1299900.0,60.0,332.37,0.3107,1.0,0.0,0.0,11.6,62.4,6.8,28.4,29.1,473
"2320-Macy-Way,-Prosper,-TX-75078","2320 Macy Way, Prosper, TX 75078",75078,Single Family,Standard,4,3,2525.0,6882,2023.0,699000.0,27.0,276.83,0.3669,1.0,0.0,0.0,37.2,29.2,6.8,28.3,7.5,473
"800-Agave-Dr,-Prosper,-TX-75078","800 Agave Dr, Prosper, TX 75078",75078,Single Family,Standard,3,2,2498.0,8233,2020.0,660000.0,19.0,264.21,0.3034,1.0,0.0,0.0,45.7,18.4,6.8,28.3,2.6,473
"251-Twilight-Dr,-Prosper,-TX-75078","251 Twilight Dr, Prosper, TX 75078",75078,Single Family,New Construction,4,4.5,3080.0,,0.0,999900.0,13.0,324.64,,4.0,-8.34,2.0,13.7,11.6,89.2,28.1,26.1,473
"4820-Choirs-Dr,-Prosper,-TX-75078","4820 Choirs Dr, Prosper, TX 75078",75078,Single Family,New Construction,5,5.5,4216.0,,0.0,1216900.0,36.0,288.64,,1.0,0.0,0.0,29.0,38.9,6.8,28.0,12.1,473
"2760-Wickford-Ct,-Prosper,-TX-75078","2760 Wickford Ct, Prosper, TX 75078",75078,Single Family,New Construction,4,4.5,3520.0,,2026.0,971170.0,25.0,275.9,,1.0,0.0,0.0,37.8,26.6,6.8,27.7,7.2,473
"1711-Wichita-Dr,-Prosper,-TX-75078","1711 Wichita Dr, Prosper, TX 75078",75078,Single Family,Standard,5,5.5,4640.0,12632,2019.0,1190000.0,10.0,256.47,0.3673,1.0,0.0,0.0,51.4,8.9,6.8,27.6,-0.4,473
"4141-Tranquility-Ln,-Prosper,-TX-75078","4141 Tranquility Ln, Prosper, TX 75078",75078,Single Family,Standard,6,6.5,6057.0,43647,2017.0,2300000.0,75.0,379.73,0.1388,1.0,0.0,0.0,3.0,70.8,6.8,27.5,47.5,473
"350-Pearland-Dr,-Prosper,-TX-75078","350 Pearland Dr, Prosper, TX 75078",75078,Single Family,Standard,4,4.5,4262.0,10280,2022.0,1075000.0,8.0,252.23,0.4146,2.0,0.47,0.0,53.7,5.9,6.1,27.5,-2.0,473
"2020-Willow-Bend-Ct,-Prosper,-TX-75078","2020 Willow Bend Ct, Prosper, TX 75078",75078,Single Family,Standard,4,4.5,4722.0,35153,2016.0,1799999.0,75.0,381.19,0.1343,1.0,0.0,0.0,2.7,70.8,6.8,27.4,48.0,473
"991-Waterview-Dr,-Prosper,-TX-75078","991 Waterview Dr, Prosper, TX 75078",75078,Single Family,Standard,4,2.5,2668.0,10846,2017.0,685000.0,10.0,256.75,0.246,2.0,0.75,0.0,51.0,8.9,5.9,27.2,-0.3,473
"2170-Ivywood-Ln,-Prosper,-TX-75078","2170 Ivywood Ln, Prosper, TX 75078",75078,Single Family,Standard,4,4.5,3676.0,10454,2021.0,1098000.0,40.0,298.69,0.3516,1.0,0.0,0.0,23.9,42.3,6.8,26.9,16.0,473
"611-Falls-Dr,-Prosper,-TX-75078","611 Falls Dr, Prosper, TX 75078",75078,Single Family,New Construction,4,4.5,3878.0,,2026.0,989000.0,8.0,255.03,,1.0,0.0,0.0,52.2,5.9,6.8,26.9,-1.0,473
"2963-Eleanor-Dr,-Prosper,-TX-75078","2963 Eleanor Dr, Prosper, TX 75078",75078,Single Family,New Construction,3,2.5,2041.0,,0.0,559990.0,21.0,274.37,,1.0,0.0,0.0,38.9,22.6,6.8,26.8,6.6,473
"1170-Olympia-Ln,-Prosper,-TX-75078","1170 Olympia Ln, Prosper, TX 75078",75078,Single Family,Standard,4,4,3914.0,16901,2018.0,1349999.0,56.0,344.92,0.2316,1.0,0.0,0.0,8.7,60.9,6.8,26.6,34.0,473
"2131-Normandy-Cir,-Prosper,-TX-75078","2131 Normandy Cir, Prosper, TX 75078",75078,Single Family,Standard,4,4.5,3795.0,10280,2020.0,1060000.0,23.0,279.31,0.3692,1.0,0.0,0.0,35.9,24.7,6.8,26.2,8.5,473
"1720-Lexington-Ave,-Prosper,-TX-75078","1720 Lexington Ave, Prosper, TX 75078",75078,Single Family,Standard,4,4.5,3633.0,16379,2018.0,1185000.0,48.0,326.18,0.2218,1.0,0.0,0.0,13.3,53.5,6.8,26.1,26.7,473
"1510-Stillhouse-Hollow-Dr,-Prosper,-TX-75078","1510 Stillhouse Hollow Dr, Prosper, TX 75078",75078,Single Family,Standard,5,5.5,4949.0,16553,2017.0,1500000.0,41.0,303.09,0.299,1.0,0.0,0.0,21.1,43.6,6.8,26.1,17.7,473
"2780-Winfrey-Point-St,-Prosper,-TX-75078","2780 Winfrey Point St, Prosper, TX 75078",75078,Single Family,New Construction,4,3.5,3264.0,6098,2026.0,861000.0,12.0,263.79,0.5353,1.0,0.0,0.0,46.5,10.4,6.8,25.9,2.5,473
"1761-Elmhurst-Ct,-Prosper,-TX-75078","1761 Elmhurst Ct, Prosper, TX 75078",75078,Single Family,Standard,4,3.5,4021.0,45085,2004.0,1150000.0,28.0,286.0,0.0892,1.0,0.0,0.0,30.0,31.3,6.8,25.8,11.1,473
"1620-Cattle-Dr,-Prosper,-TX-75078","1620 Cattle Dr, Prosper, TX 75078",75078,Single Family,Standard,4,4.5,3609.0,39640,2016.0,1249000.0,54.0,346.08,0.091,1.0,0.0,0.0,7.8,59.2,6.8,25.6,34.4,473
"2360-Fallsview-Ct,-Prosper,-TX-75078","2360 Fallsview Ct, Prosper, TX 75078",75078,Single Family,Standard,5,5.5,4369.0,10890,2023.0,1595000.0,60.0,365.07,0.4012,1.0,0.0,0.0,4.2,62.4,6.8,25.1,41.8,473
"910-Keller-Dr,-Prosper,-TX-75078","910 Keller Dr, Prosper, TX 75078",75078,Single Family,New Construction,5,5.5,4449.0,,0.0,1199900.0,14.0,269.7,,1.0,0.0,0.0,42.1,13.5,6.8,25.0,4.7,473
"1741-Kyle-Ct,-Prosper,-TX-75078","1741 Kyle Ct, Prosper, TX 75078",75078,Single Family,New Construction,5,,4363.0,,0.0,1189990.0,16.0,272.75,,7.0,0.85,2.0,40.6,15.4,5.3,24.7,5.9,473
"2201-Bradford-Dr,-Prosper,-TX-75078","2201 Bradford Dr, Prosper, TX 75078",75078,Single Family,Standard,4,2,2699.0,43560,1999.0,735000.0,16.0,272.32,0.062,2.0,6.52,0.0,41.0,15.4,3.6,24.6,5.8,473
"1460-Copper-Point-Dr,-Prosper,-TX-75078","1460 Copper Point Dr, Prosper, TX 75078",75078,Single Family,New Construction,5,4.5,4727.0,,2025.0,1498999.0,42.0,317.11,,1.0,0.0,0.0,16.1,44.8,6.8,24.3,23.2,473
"311-Twilight-Dr,-Prosper,-TX-75078","311 Twilight Dr, Prosper, TX 75078",75078,Single Family,New Construction,4,3.5,2957.0,,0.0,999900.0,7.0,338.15,,2.0,-9.26,1.0,9.7,5.1,90.5,24.2,31.3,473
"3651-Whimbrel-Ct,-Prosper,-TX-75078","3651 Whimbrel Ct, Prosper, TX 75078",75078,Single Family,New Construction,5,5.5,4470.0,,2026.0,1249078.0,19.0,279.44,,1.0,0.0,0.0,35.7,18.4,6.8,23.9,8.5,473
"2701-Savannah-Rdg,-Prosper,-TX-75078","2701 Savannah Rdg, Prosper, TX 75078",75078,Single Family,New Construction,5,5.5,3847.0,,2026.0,990530.0,4.0,257.48,,1.0,0.0,0.0,50.1,0.0,6.8,23.9,0.0,473
"4650-Silver-Cliff-Dr,-Prosper,-TX-75078","4650 Silver Cliff Dr, Prosper, TX 75078",75078,Single Family,Standard,5,6,4760.0,13068,2022.0,1495000.0,6.0,314.08,0.3642,2.0,-0.33,1.0,17.3,3.2,73.4,23.6,22.0,473
"1120-Whirlabout-Rd,-Prosper,-TX-75078","1120 Whirlabout Rd, Prosper, TX 75078",75078,Single Family,New Construction,5,5.5,4499.0,,2026.0,1179900.0,5.0,262.26,,1.0,0.0,0.0,47.4,2.1,6.8,23.4,1.9,473
"4740-Zelder-St,-Prosper,-TX-75078","4740 Zelder St, Prosper, TX 75078",75078,Single Family,New Construction,4,4.5,4368.0,10803,2025.0,1350000.0,33.0,309.07,0.4043,1.0,0.0,0.0,19.2,35.7,6.8,22.5,20.0,473
"1440-Copper-Point-Dr,-Prosper,-TX-75078","1440 Copper Point Dr, Prosper, TX 75078",75078,Single Family,New Construction,6,5,5067.0,,2026.0,1599000.0,36.0,315.57,,1.0,0.0,0.0,16.5,38.9,6.8,22.4,22.6,473
"2561-Miles-St,-Prosper,-TX-75078","2561 Miles St, Prosper, TX 75078",75078,Single Family,New Construction,5,5.5,4800.0,,0.0,1412900.0,25.0,294.35,,1.0,0.0,0.0,25.8,26.6,6.8,22.3,14.3,473
"2630-Harvest-Ln,-Prosper,-TX-75078","2630 Harvest Ln, Prosper, TX 75078",75078,Single Family,New Construction,4,5,3433.0,,2026.0,992746.0,23.0,289.18,,2.0,5.24,0.0,28.5,24.7,4.0,22.3,12.3,473
"1481-St-Peter-Ln,-Prosper,-TX-75078","1481 St Peter Ln, Prosper, TX 75078",75078,Single Family,New Construction,5,4.5,4488.0,15006,2025.0,1450000.0,37.0,323.08,0.2991,2.0,0.0,0.0,14.2,40.6,6.8,21.9,25.5,473
"2671-Live-Oak-Ln,-Prosper,-TX-75078","2671 Live Oak Ln, Prosper, TX 75078",75078,Single Family,New Construction,5,4.5,4063.0,,2026.0,1302880.0,35.0,320.67,,1.0,0.0,0.0,15.2,38.3,6.8,21.6,24.5,473
"250-Orion-Dr,-Prosper,-TX-75078","250 Orion Dr, Prosper, TX 75078",75078,Single Family,New Construction,5,6.5,4488.0,,2026.0,1399950.0,32.0,311.93,,5.0,3.32,2.0,18.6,34.9,4.4,21.5,21.1,473
"921-Gaston-Rd,-Prosper,-TX-75078","921 Gaston Rd, Prosper, TX 75078",75078,Single Family,New Construction,5,7,4499.0,,0.0,1199900.0,4.0,266.7,,1.0,0.0,0.0,44.6,0.0,6.8,21.4,3.6,473
"3510-Amberwood-Ln,-Prosper,-TX-75078","3510 Amberwood Ln, Prosper, TX 75078",75078,Single Family,Standard,4,4,4597.0,174240,2001.0,2299900.0,13.0,500.3,0.0264,2.0,-6.13,1.0,0.8,11.6,84.4,21.3,94.3,473
"631-Twilight-Dr,-Prosper,-TX-75078","631 Twilight Dr, Prosper, TX 75078",75078,Single Family,New Construction,4,5,3411.0,,2026.0,1199995.0,8.0,351.8,,4.0,-5.53,2.0,5.3,5.9,82.7,21.0,36.6,473
"1980-Cornell-Dr,-Prosper,-TX-75078","1980 Cornell Dr, Prosper, TX 75078",75078,Single Family,Standard,5,5.5,4042.0,12197,2021.0,1395000.0,42.0,345.13,0.3314,1.0,0.0,0.0,8.5,44.8,6.8,20.8,34.0,473
"2740-Live-Oak-Ln,-Prosper,-TX-75078","2740 Live Oak Ln, Prosper, TX 75078",75078,Single Family,New Construction,5,5,4446.0,,2026.0,1299990.0,20.0,292.4,,1.0,0.0,0.0,26.6,20.5,6.8,20.5,13.6,473
"391-Williamsburg-Pl,-Prosper,-TX-75078","391 Williamsburg Pl, Prosper, TX 75078",75078,Single Family,New Construction,5,5.5,4509.0,,0.0,1349000.0,22.0,299.18,,1.0,0.0,0.0,23.7,23.7,6.8,20.3,16.2,473
"301-Florence-Dr,-Prosper,-TX-75078","301 Florence Dr, Prosper, TX 75078",75078,Single Family,Standard,3,3,3003.0,7492,2023.0,850000.0,13.0,283.05,0.4008,1.0,0.0,0.0,32.8,11.6,6.8,20.2,9.9,473
"271-Twilight-Dr,-Prosper,-TX-75078","271 Twilight Dr, Prosper, TX 75078",75078,Single Family,New Construction,5,5,3935.0,,0.0,1099900.0,9.0,279.52,,1.0,0.0,0.0,35.5,8.2,6.8,20.2,8.6,473
"2780-Live-Oak-Ln,-Prosper,-TX-75078","2780 Live Oak Ln, Prosper, TX 75078",75078,Single Family,New Construction,4,4.5,3700.0,,2026.0,1425800.0,46.0,385.35,,3.0,6.88,0.0,2.3,51.6,3.4,19.8,49.7,473
"641-Country-Brook-Ln,-Prosper,-TX-75078","641 Country Brook Ln, Prosper, TX 75078",75078,Single Family,Standard,5,5,4665.0,11587,2017.0,1500000.0,31.0,321.54,0.4026,1.0,0.0,0.0,14.6,34.0,6.8,19.8,24.9,473
"2430-Arcadia-Ct,-Prosper,-TX-75078","2430 Arcadia Ct, Prosper, TX 75078",75078,Single Family,New Construction,4,4,3400.0,,0.0,1184892.0,41.0,348.5,,1.0,0.0,0.0,6.3,43.6,6.8,19.5,35.4,473
"3761-Maxdale-Dr,-Prosper,-TX-75078","3761 Maxdale Dr, Prosper, TX 75078",75078,Single Family,Standard,4,3,2642.0,9104,2019.0,874900.0,34.0,331.15,0.2902,1.0,0.0,0.0,11.8,36.6,6.8,19.5,28.6,473
"2700-Live-Oak-Ln,-Prosper,-TX-75078","2700 Live Oak Ln, Prosper, TX 75078",75078,Single Family,New Construction,4,5.5,3703.0,11874,2026.0,1049995.0,11.0,283.55,0.3119,1.0,0.0,0.0,32.1,9.7,6.8,19.2,10.1,473
"2750-Amber-Ln,-Prosper,-TX-75078","2750 Amber Ln, Prosper, TX 75078",75078,Single Family,New Construction,5,6,4113.0,,2026.0,1127900.0,4.0,274.23,,1.0,0.0,0.0,39.1,0.0,6.8,19.0,6.5,473
"2090-Windomere-Dr,-Prosper,-TX-75078","2090 Windomere Dr, Prosper, TX 75078",75078,Single Family,Standard,5,5.5,5613.0,13504,2020.0,1600000.0,12.0,285.05,0.4157,1.0,0.0,0.0,30.9,10.4,6.8,18.9,10.7,473
"3410-Briarcliff-Dr,-Prosper,-TX-75078","3410 Briarcliff Dr, Prosper, TX 75078",75078,Single Family,Standard,5,5.5,4609.0,12240,2018.0,1300000.0,8.0,282.06,0.3766,2.0,0.0,0.0,33.8,5.9,6.8,18.6,9.5,473
"3931-Marigold-Ln,-Prosper,-TX-75078","3931 Marigold Ln, Prosper, TX 75078",75078,Townhouse,Standard,2,2,1366.0,4704,2021.0,395000.0,13.0,289.17,0.2904,1.0,0.0,0.0,28.8,11.6,6.8,18.4,12.3,473
"811-Shackleford-Ln,-Prosper,-TX-75078","811 Shackleford Ln, Prosper, TX 75078",75078,Single Family,Standard,5,6.5,5516.0,12589,2018.0,1725000.0,22.0,312.73,0.4382,1.0,0.0,0.0,17.8,23.7,6.8,17.6,21.5,473
"321-Atherton-Ct,-Prosper,-TX-75078","321 Atherton Ct, Prosper, TX 75078",75078,Single Family,Standard,6,5.5,4564.0,10367,2023.0,1295000.0,7.0,283.74,0.4402,1.0,0.0,0.0,31.9,5.1,6.8,17.5,10.2,473
"601-Sunbury-Ln,-Prosper,-TX-75078","601 Sunbury Ln, Prosper, TX 75078",75078,Single Family,Standard,5,3,3342.0,15246,2018.0,1200000.0,36.0,359.07,0.2192,1.0,0.0,0.0,4.7,38.9,6.8,17.1,39.5,473
"2450-Heathrow-Ln,-Prosper,-TX-75078","2450 Heathrow Ln, Prosper, TX 75078",75078,Single Family,New Construction,5,5.5,4372.0,,0.0,1249000.0,8.0,285.68,,1.0,0.0,0.0,30.2,5.9,6.8,17.0,11.0,473
"351-Wildwood-Ln,-Prosper,-TX-75078","351 Wildwood Ln, Prosper, TX 75078",75078,Single Family,New Construction,4,4.5,3664.0,,0.0,1264900.0,31.0,345.22,,1.0,0.0,0.0,8.0,34.0,6.8,16.9,34.1,473
"590-Harrison-Ln,-Prosper,-TX-75078","590 Harrison Ln, Prosper, TX 75078",75078,Single Family,New Construction,5,5.5,5266.0,,0.0,1599000.0,17.0,303.65,,1.0,0.0,0.0,20.9,16.7,6.8,16.6,17.9,473
"3460-Poppy-Pl,-Prosper,-TX-75078","3460 Poppy Pl, Prosper, TX 75078",75078,Single Family,New Construction,5,5.5,5183.0,,0.0,1565326.0,16.0,302.01,,1.0,0.0,0.0,22.0,15.4,6.8,16.6,17.3,473
"2141-Normandy-Cir,-Prosper,-TX-75078","2141 Normandy Cir, Prosper, TX 75078",75078,Single Family,Standard,4,4,3436.0,10803,2019.0,1175000.0,28.0,341.97,0.3181,1.0,0.0,0.0,9.3,31.3,6.8,16.5,32.8,473
"151-Pomona-Crk,-Prosper,-TX-75078","151 Pomona Crk, Prosper, TX 75078",75078,Townhouse,New Construction,2,2,1650.0,,2026.0,524990.0,21.0,318.18,,1.0,0.0,0.0,15.6,22.6,6.8,16.3,23.6,473
"1500-Gentle-Way,-Prosper,-TX-75078","1500 Gentle Way, Prosper, TX 75078",75078,Single Family,Standard,5,4.5,4346.0,49179,1999.0,1599999.0,33.0,368.15,0.0884,1.0,0.0,0.0,4.0,35.7,6.8,15.7,43.0,473
"321-Pecan-Trl,-Prosper,-TX-75078","321 Pecan Trl, Prosper, TX 75078",75078,Single Family,New Construction,5,5,4635.0,13068,2025.0,1600000.0,27.0,345.2,0.3547,1.0,0.0,0.0,8.2,29.2,6.8,15.3,34.1,473
"2641-Archgate-Ct,-Prosper,-TX-75078","2641 Archgate Ct, Prosper, TX 75078",75078,Single Family,New Construction,5,6.5,4488.0,13939,2026.0,1575000.0,29.0,350.94,0.322,1.0,0.0,0.0,5.5,32.3,6.8,15.1,36.3,473
"1218-Chandler-Cir,-Prosper,-TX-75078","1218 Chandler Cir, Prosper, TX 75078",75078,Single Family,Standard,4,3,2657.0,44213,1998.0,769000.0,5.0,289.42,0.0601,1.0,0.0,0.0,28.3,2.1,6.8,14.8,12.4,473
"341-Harrison-Ln,-Prosper,-TX-75078","341 Harrison Ln, Prosper, TX 75078",75078,Single Family,New Construction,5,5.5,4759.0,12981,2026.0,1500000.0,19.0,315.19,0.3666,2.0,9.73,0.0,16.9,18.4,2.7,14.6,22.4,473
"2700-Archgate-Ct,-Prosper,-TX-75078","2700 Archgate Ct, Prosper, TX 75078",75078,Single Family,New Construction,5,4.5,4063.0,,2027.0,1298703.0,17.0,319.64,,1.0,0.0,0.0,15.4,16.7,6.8,14.1,24.1,473
"4441-Cotton-Belt-Dr,-Prosper,-TX-75078","4441 Cotton Belt Dr, Prosper, TX 75078",75078,Single Family,Standard,4,3.5,3595.0,17380,2020.0,1250000.0,26.0,347.71,0.2068,1.0,0.0,0.0,6.8,27.3,6.8,13.9,35.0,473
"4051-Gambel-Rd,-Prosper,-TX-75078","4051 Gambel Rd, Prosper, TX 75078",75078,Single Family,New Construction,5,5.5,4445.0,,2026.0,1355458.0,8.0,304.94,,1.0,0.0,0.0,20.5,5.9,6.8,12.7,18.4,473
"1731-Autumnwood-Ct,-Prosper,-TX-75078","1731 Autumnwood Ct, Prosper, TX 75078",75078,Single Family,Standard,5,6,4324.0,21344,2019.0,1695000.0,27.0,392.0,0.2026,1.0,0.0,0.0,2.1,29.2,6.8,12.5,52.2,473
"1820-Blue-Forest-Dr,-Prosper,-TX-75078","1820 Blue Forest Dr, Prosper, TX 75078",75078,Single Family,Standard,4,3,3174.0,43560,2006.0,1200000.0,25.0,378.07,0.0729,1.0,0.0,0.0,3.4,26.6,6.8,12.2,46.8,473
"2750-Live-Oak-Ln,-Prosper,-TX-75078","2750 Live Oak Ln, Prosper, TX 75078",75078,Single Family,New Construction,4,4.5,3628.0,,2026.0,1150990.0,12.0,317.25,,1.0,0.0,0.0,15.9,10.4,6.8,12.1,23.2,473
"941-Webb-Ln,-Prosper,-TX-75078","941 Webb Ln, Prosper, TX 75078",75078,Single Family,Standard,4,4.5,3461.0,10237,2022.0,1200000.0,20.0,346.72,0.3381,1.0,0.0,0.0,7.6,20.5,6.8,12.0,34.7,473
"4510-Mill-Branch-Dr,-Prosper,-TX-75078","4510 Mill Branch Dr, Prosper, TX 75078",75078,Single Family,Standard,4,3.5,3512.0,12981,2018.0,2850000.0,27.0,811.5,0.2705,1.0,0.0,0.0,0.2,29.2,6.8,11.7,215.2,473
"291-Orion-Dr,-Prosper,-TX-75078","291 Orion Dr, Prosper, TX 75078",75078,Single Family,New Construction,4,4.5,3700.0,,2026.0,1156800.0,8.0,312.65,,1.0,0.0,0.0,18.0,5.9,6.8,11.5,21.4,473
"4120-Splitrock-Dr,-Prosper,-TX-75078","4120 Splitrock Dr, Prosper, TX 75078",75078,Single Family,Standard,5,5.5,3834.0,9540,2022.0,1189000.0,5.0,310.12,0.4019,1.0,0.0,0.0,19.0,2.1,6.8,10.7,20.4,473
"820-Shackleford-Ln,-Prosper,-TX-75078","820 Shackleford Ln, Prosper, TX 75078",75078,Single Family,Standard,4,4.5,3784.0,12589,2019.0,1295000.0,14.0,342.23,0.3006,1.0,0.0,0.0,8.9,13.5,6.8,10.1,32.9,473
"1170-Arlong-Park-Dr,-Prosper,-TX-75078","1170 Arlong Park Dr, Prosper, TX 75078",75078,Single Family,New Construction,4,4,3279.0,,2027.0,1065169.0,8.0,324.85,,1.0,0.0,0.0,13.5,5.9,6.8,9.5,26.2,473
"205-E-2nd-St,-Prosper,-TX-75078","205 E 2nd St, Prosper, TX 75078",75078,Single Family,Standard,4,2,1433.0,12676,1965.0,460000.0,6.0,321.0,0.113,1.0,0.0,0.0,15.0,3.2,6.8,9.2,24.7,473
"1440-Winding-Creek-Rd,-Prosper,-TX-75078","1440 Winding Creek Rd, Prosper, TX 75078",75078,Single Family,Standard,5,6,6122.0,117699,2001.0,2899000.0,20.0,473.54,0.052,1.0,0.0,0.0,1.3,20.5,6.8,9.1,83.9,473
"4851-Lopiano-St,-Prosper,-TX-75078","4851 Lopiano St, Prosper, TX 75078",75078,Single Family,Standard,5,5.5,4653.0,12894,2023.0,1550000.0,8.0,333.12,0.3609,1.0,0.0,0.0,11.0,5.9,6.8,8.4,29.4,473
"1500-Beverly-Dr,-Prosper,-TX-75078","1500 Beverly Dr, Prosper, TX 75078",75078,Single Family,Standard,4,4.5,4449.0,13765,2024.0,1500000.0,6.0,337.15,0.3232,5.0,39.42,2.0,10.1,3.2,0.2,5.7,30.9,473
"2670-Archgate-Ct,-Prosper,-TX-75078","2670 Archgate Ct, Prosper, TX 75078",75078,Single Family,New Construction,4,4.5,3716.0,,2026.0,1399000.0,7.0,376.48,,1.0,0.0,0.0,3.6,5.1,6.8,4.7,46.2,473
"271-Orion-Dr,-Prosper,-TX-75078","271 Orion Dr, Prosper, TX 75078",75078,Single Family,New Construction,4,5,3516.0,,2026.0,1225300.0,4.0,348.49,,1.0,0.0,0.0,6.6,0.0,6.8,4.3,35.3,473
"2120-Meadow-View-Dr,-Prosper,-TX-75078","2120 Meadow View Dr, Prosper, TX 75078",75078,Single Family,Standard,4,4.5,4147.0,39248,2011.0,1674900.0,6.0,403.88,0.1057,2.0,11.73,0.0,1.5,3.2,1.9,2.2,56.9,473
